tier,summonerId,summonerName,leaguePoints,wins,losses,veteran,inactive,freshBlood,hotStreak
GRANDMASTER,CMnGnca3lXh0lDgyqqlIyyO8xfAEi4BywVGaDjrQWWCka1xMR7ewje8Y4A,yu yeshou,281,128,97,False,False,False,False
GRANDMASTER,GjYOM4MU9p-UR8HEaLiUXpJxnpCT9neNpmFGNNzOxIEKaW4ESes2mxz-ag,들을수없는사람,302,77,53,False,False,True,False
GRANDMASTER,U47NQmoYGsNVp-KALqlZUyWgRPhWXHcMl9UrOqA7UY7-eF0,다이아는죄악이다,241,73,62,False,False,True,False
GRANDMASTER,sSW0EJ_IXtp1EmCzoq-mbzFwDThF4W4bPrbIYPra1YMbl4k,엠포지,204,80,65,False,False,True,True
GRANDMASTER,kJIxY2PTFrVyUZB9naxZoXTgT8AD2STi84eyQt3iU4GRNi8ghhHzUzO5gw,첼까지닉변안함,217,100,88,False,False,False,False
GRANDMASTER,Q8vfU2ZcB3-j9yMS3fuARRCVrCBP7M4cGcuMFbg1p2IZq5E,Stay Home,225,56,45,False,False,True,True
GRANDMASTER,qZY0oX-uglXA0AHzNHbH4iQNjj_RAbERgdXwNnX_0TcZPaQ,The life goes on,208,68,50,False,False,True,True
GRANDMASTER,HwF_TonzTfIzZUJ-LTVCiHMBt_zOxEux1T_IJ_C8soit_gY,V5 Rlch,312,73,71,False,False,True,False
GRANDMASTER,m28y1ushI5b6X7bY2zDfA4NALATMFHvssxO_84EHLjbfO6fthzqAXRY6yQ,huya xianfengAhn,303,86,65,False,False,False,False
GRANDMASTER,JXQOO-AfQfc0lKENzG-C7YMgJQl3Buu7na1I4_3dXN9kAVs,Guaqi,253,65,56,False,False,True,False
GRANDMASTER,SKTsPHXndWdA0GfR2VgDzlnPkg7D4x-2NEEaulm5MxUFpJ0,By 불비,468,168,154,True,False,False,False
GRANDMASTER,ADdsZXSbWvXvRNA1Xv6bRWd84_pBwS6Yiy3rOzEpz_GJa29h,레이븐 페르소나,382,86,64,False,False,False,False
GRANDMASTER,mNcX5d0JKL5CsaMWtYftJ8kgpdDVY-W5G9UKgz4zRb2KAH33gbguiKwAXQ,T1 Poby,215,112,102,False,False,False,False
GRANDMASTER,3T-PBkz-m9xGng_W1ewuqCka8McEYe77XdFAWJPWg_bjUTuMGXL9vcit-w,브레이그,209,80,63,False,False,True,False
GRANDMASTER,4asS25GUHgsHwmC3vtyxbNapMwxQE7nb9y4FK-aJPIy1-aNNmzGlCnfNvA,CscyDzhbzBZ,311,73,58,False,False,True,False
GRANDMASTER,V8GmB3ilqlgKULk9HfcEKYFBgn5UVQ5F4aH_-f1PGw3SmEGS_v8vNW2URg,ynnkaa,259,147,131,False,False,True,False
GRANDMASTER,99cr2STJqruH0zKWI4OwV5FY028JyTLp962dTyyg1EnEVaY,은하수의 별,305,54,36,False,False,True,True
GRANDMASTER,qM5ZcG-OZSHcOwy32C7kvsIRg94vOrM8xA2MVOp01Wz42TI,괜찮아나쁘지않아,296,137,115,False,False,False,False
GRANDMASTER,Isc71Vxf-AswQ0kE8mo9Kd-W8dKhg2oS73l7P2AvPz637g,우우리,201,135,122,False,False,True,False
GRANDMASTER,3WqfutlKguMscDiW4OYpr-zri8Qf0PX1KvGFKRU7DJkoyF8,에 넥,248,83,77,False,False,True,False
GRANDMASTER,Zb59m5BLaLRcpwB238jibfA76bdJztXjpKXrRdw5vRRLS21XryjTUArP5g,농심 바이탈,267,74,67,False,False,True,False
GRANDMASTER,cX-KDVucjhQbOMXv2Ta1qkk7oLhhEeJ-5sHZgNuz4KtgHbqHOH3JryaLLQ,ClearLove9,225,180,163,False,False,True,False
GRANDMASTER,3N_N2KFmCe7E81eZO7bI6FnkvUGcSe4kTbkQscUOmFIxQ1A,Chain of light,240,215,208,False,False,False,False
GRANDMASTER,ByvFrBZnaQ0_ZT43N9c2-37uTlqkcJ0gr4TBurh8464OGww,K T,295,86,78,False,False,True,False
GRANDMASTER,kRJ0q-Cv-C6-nxAGBj1I5GkVIbCrrr_jLAMgxj6htiUtFdQ,fengdeyanse,262,153,141,False,False,True,False
GRANDMASTER,x2GnzO1LxuDoBdZHQuUN9_PP1hreOkNVOZ3dPCRWLcVllJ0TDOwguh8ytA,cuihuibin,246,68,53,False,False,True,True
GRANDMASTER,91vF4iCttllU0bkbgUONELmBV8ysy5KL3gjhcCX5PwXLkqY,치즈너구리뽀실,395,78,61,False,False,True,False
GRANDMASTER,vWtdF62s2AgFbUzAPROj9bS_yhTJRiA-6-mbSyKCysfLrtLz_pZHEeRqLw,Luckyy game,269,125,106,False,False,True,False
GRANDMASTER,OQG3OExIV5CasNrJb7VvW-8dHTN618vA_qVrWgr-pdiohxUG,DBZB3OT,202,49,27,False,False,True,False
GRANDMASTER,H222o-J4IlotLFtc5z9hPLx4emmKLelz2ek_huMKoa00FUUOxVXNC5jdaw,Reve Bonheur Toi,244,68,55,False,False,True,False
GRANDMASTER,t9lJC2awgfC5UsiGugniOm7Sg-lmm4EInIOjA4b27N7ZtRedvyAAvXkRyA,폴 루,233,154,139,False,False,True,False
GRANDMASTER,HrMClBZbrQnlJPHn8t_4JxkUDuDLiFfv-N-yEglE0zR9Epc,이펙트1,373,100,81,False,False,True,False
GRANDMASTER,6UUEXNRHkoodllKk4NUdYmbmv6Zaoi7Nt-DnS8pslFqlYOr2Kol0Xduayw,천하제패일기당천,325,64,50,False,False,False,False
GRANDMASTER,eO4HH5SgrtYM3y9ScT3crtXO8FSkTDyw-mjxMuhZtruwWqY,우찬굳,434,41,21,False,False,False,False
GRANDMASTER,pRG7xrqHrAsZQs9ldydO2xUtRwGCkSi1rrI3ZmDEckygKuc,Msyccc,126,170,159,True,False,False,False
GRANDMASTER,Tt7i3XAfwGV28P1yGdYtoJ4W_Lm_nnYEIBOTSARc4Fm-PAc,DRX 홍창현,359,96,85,False,False,False,False
GRANDMASTER,LpktQy27UTkEXDpfiERFTQXDqtHRWh-m_An8g-EWo0YHKRhbLnWEroJOGg,Lu Guo ren jian,280,78,64,False,False,False,False
GRANDMASTER,swMEGakbDrok1lvNAxk5vJGa4iSr4aaJoUWv9Tv4O4tW8A,강혜원 fan,202,68,57,False,False,True,False
GRANDMASTER,RKntMP3_u0_A-u88E-bjLNIMuhXZvDLOW4dHaa9a9Rx_VZk,소매치기 준형,325,92,68,False,False,False,False
GRANDMASTER,n4ohbwdLg2Aak3p0QdPJEZiBQVyzk816PFjQZtbCihgaodg,탑딜러,241,79,60,False,False,True,True
GRANDMASTER,o60ZWYt-CNctCqDRzXvQ78uALuSnNRI6VCn9d3iVWnnI2pU,백상휘,393,105,81,False,False,False,False
GRANDMASTER,V6JF5caFzcVFKWDtd2IEKrLxUd1QYiaZzGGgPd3aj0yE-Q0,징징문,499,126,115,True,False,False,False
GRANDMASTER,UBjVcSBe8gLgKyFxEWrKq6jlHEtgocW3Kx6_ngJfT9kBcQs,여행 떠나기,298,68,47,False,False,True,True
GRANDMASTER,gD_fvECOMYAshTax4no3m5tpQA7v5Ls4LiBnp14oT2FOito,더블큐티준서버거,439,71,46,False,False,True,False
GRANDMASTER,3If2do_zwhYTWnv-CkSDCXvKZo510-wiN0nBdIeq93NBqA,넌 정말 섹시해,250,62,33,False,False,True,True
GRANDMASTER,WQAk4QUMo3eg2QyvHlD3Cj6pz2xWBVsdvjCpM7EIWKTgpbBIa4q6260ZBg,yesdong,214,81,64,False,False,True,False
GRANDMASTER,kGxC_TCK7B3KuTEe9EacZoEXJS7hvdtjzdJ8bVP8e2fpZ6g,북쪽 끝까지,303,67,51,False,False,True,False
GRANDMASTER,ZDcLs-NrfYFaQpkyXiw8PSroqoURcQuPMoE1cpK8EcbZ3NA,레전드오브롤1244,360,63,51,False,False,False,False
GRANDMASTER,nKQxOf7jMBDQo-_BIL_7bOB2u4pFK_jfYjqdNnF3u0ibG4y5,Saebyuck9,344,61,48,False,False,False,False
GRANDMASTER,RM_QAgDr3TTwB5rXO6iwkr6PBYDjz6lVzoEy-jB02dyBAwI,Pekora Gura Aqua,231,62,48,False,False,False,False
GRANDMASTER,YLbSFWfJ1kGWILB0j6ad6ENCtbpZE35r0_5zKS2YcjesLmxW,동대장님,278,172,147,False,False,True,False
GRANDMASTER,K7GYbKSsMvdbLcnFi7qBTnTt5q8vh_w03FfZJvPTd_ojw-8,IRIDESCNT,450,154,125,False,False,False,False
GRANDMASTER,b951bz_EBT92yWYH7iliT2qxqyETWesZ33e-ZRbIyXUaozU,천 꽃,273,101,76,False,False,False,True
GRANDMASTER,qn3Hu5dubhb2L10CKDtxGrj-HQpRZE7jcY0aHhVqnlSbib0,고래 칭찬하는,174,99,85,False,False,True,False
GRANDMASTER,qdBOrVEzPuqzWaFFi8p1vkievrCHI0_-vfWw0mx25bK3cVQ,김도칠,395,111,87,False,False,False,True
GRANDMASTER,n7W766_a_gPtfhhrF3YZGZZkOcoFMfd1bV_pGygakKAcxg,언니우기,283,80,69,False,False,True,False
GRANDMASTER,QwFIppdNuvnSprmnIoGm55gR4i-taNqmt7G5RwjcJ7032xCNRYqNLSGXwg,zejingxingnai,403,110,96,False,False,False,False
GRANDMASTER,5uWD6dlOWZLFr1Cwhb65UTQrgPetYG7zl0v4UWRVWT_CVEol7lh8UKmp4Q,율천고 김솔빈,205,161,147,False,False,True,False
GRANDMASTER,GlbViS_YsVAnF48alsSZ9Rp0qwfBybTW3v1RJ17ETPv9hDoZlJGK6XZIdA,Feistyy,395,110,104,True,False,False,False
GRANDMASTER,tq_0ZQRcQggsBzzNLzo9H_BPx-xdXQ3vFIdu0prjDz-QvqrKSEhqb5Suvg,꽃바다인질,436,66,41,False,False,True,False
GRANDMASTER,38Qf6SftPT3MVpIEgl4iobV8rJs8SM5mUlA0-fpS-plRaKQ,규 보 리,248,108,98,False,False,True,False
GRANDMASTER,oclsG7UkWwGD2GynB2TbXxr95-cms26CpL89zYmpHp2cbn4,Qusiba daye,316,80,52,False,False,True,False
GRANDMASTER,bbc5YM3RrdWuxLnwQ-H69JzQz7IKYeLFsuwHKsk1kSvnAS8,쉔글벙글,214,46,27,False,False,True,True
GRANDMASTER,ClPhe1FbilOQnED9mZ1Q15ULJsXcoG7Co5802d261uEK3RI,vanpa,360,96,86,False,False,False,False
GRANDMASTER,a9RmHmSlh8p4_3zGg4i-vsAtNP_PXyFqWqP3foW_P7tuU-4,lIlIIllIlIIllIlI,249,33,16,False,False,False,False
GRANDMASTER,Q2oUc-m-qwSwpT0T9a-cAiTArNH-5e_pufEu0Dd_hPHXnJ4,DoDohyunhyun,210,111,77,False,False,True,False
GRANDMASTER,YJgIEXdCIf04TH5EzPMVggumM_x8II2j9QC8LSJQ1g2j20ZSuD4NLEDzaQ,Drizzle1,215,77,65,False,False,True,False
GRANDMASTER,Hbt3zJKPWdDkUgILmtrH99Pw-ZsnRyMn_pmU3G2__3Y-KdiamqT4aqHCwQ,모티포마,200,78,48,False,False,True,True
GRANDMASTER,kciTEzbX83BjlnMq6fxeU8sPy0lURs3Sa8DzAWKF5RzFA_5eX9qrHoZnOA,와리가리 피하기,245,129,116,False,False,False,False
GRANDMASTER,Ab294FwrsxyoGdCiATAmwiLLewpSmH2BN6izDmFWTAwkgPI,전설이 될 남자,268,300,291,False,False,True,False
GRANDMASTER,95g_a0D8H56ubz3H-Lm85NBSk-iIVddo_dkS3Iz6jAAq7r6g,크로꼬,367,59,46,False,False,True,False
GRANDMASTER,AvpsX0D2j9Vo_QS1p_ihBw1kDe44nMzFGDwbeTDQP4IR5LA,JG24number,362,171,157,False,False,True,False
GRANDMASTER,Q-LlC6reP3-hrkDRc3ZU02FYA0p_6cQk9I6VKqmjDs1bfh8,U Han,207,66,50,False,False,True,False
GRANDMASTER,C7alPA2NEHlDBKg1_BUa_U3Aqak6AwmjSrNWGkbSF0RpbDyuRpLnJR5hFg,Estoy muerta,368,136,122,True,False,False,False
GRANDMASTER,_GUveu-nh2PfgsXvrlOt4NNg7M0wRDcNVkuCvVH8c0wWOKrX,BT Dosa ,364,156,143,False,False,False,False
GRANDMASTER,RKIrGpHSz9A74ktlFF3hirFYNSwzPl8yaPkuSB7Y3QYh2G19YFIBu2pVEw,Iove poppy,274,114,102,False,False,True,False
GRANDMASTER,A9vRMWWBo4vWun-5KUkmLIoBLa96YisyPiGySyfxDoS4244,누쇤퍅,472,182,170,False,False,True,False
GRANDMASTER,Babgyd975sOFlMVZmHXNzG_QBlZIP1IZL_47OGn2qouG2io,우리라인은게복치,264,241,202,False,False,True,False
GRANDMASTER,TjCYA1QFLJnwwWYGDQA9SqAEtrNNq1puYAM2tmb4zVf5FYU,Fayer,215,81,61,False,False,True,True
GRANDMASTER,IQzhutUt2EF6oVvTt1sGaX7e_6Ci4I5T0j2Kw2EBikqZgN5CvSiDDbTfNA,yinheyoujikexun,250,133,129,False,False,False,False
GRANDMASTER,7-T0-3F9X90gjs0uZObxtn93PmR86hf2jCn4t5RKCKoAk88,뒤로 물러나다,309,45,31,False,False,True,True
GRANDMASTER,Ehzcr4OUXfe93jFOFDFbrjsW0xCcMoP_AnlAx13vP6Z7Z7Z4NlzKAfO0GQ,마스크쓰기귀차나,231,219,201,False,False,True,False
GRANDMASTER,_kT0x2M5b_Dga5tn6rV7_Li59y1yfqKeLCfuXT2cForAJjg,wdbyzmw,224,74,72,False,False,True,False
GRANDMASTER,pxEAS91QhdDu0IpBO7PktMNea-jxaA5oPiNgStBfypyehEc,권라떼에,239,125,107,False,False,False,True
GRANDMASTER,OWDEIHVSeRzndhGgTB4yuehEMpkgDqBjrhuabkFwKNC51n8,따봉 람머스,217,100,95,False,False,True,False
GRANDMASTER,for1x0apXv8zFlrTbAinpm82alpDhdt2rjHdI1we17eBUcg,MIDKlNG,353,44,23,False,False,True,False
GRANDMASTER,orICRhnMOf34R7CaY6Hz9xLuWzOz7gdqqr-tc4vOJDtOFLkjkCbKbYDAug,dao liu shi jian,450,149,128,True,False,False,False
GRANDMASTER,P9mT8YmZfcb_BeB4OwpRNSYnUVhc3xr6ZaI-Vzy9gLkQul9GGZ4GVWUlcw,zhonglexuruosan,429,75,66,False,False,False,False
GRANDMASTER,HeyvrDLvZQsgGk6Flsm6WpSXHRPwGzA-wL8Rr4xvit8YwokSIsFrwSDpdw,Talking sh1it,190,76,53,False,False,True,False
GRANDMASTER,5D3PTgrSzyMRfI-9sXnT5oFT5Yt1MSvmBT-kJTOz_HusUyM,FA Decky,325,71,67,False,False,False,False
GRANDMASTER,zDpB5OL0_lLuRR9xIsCGG_UQBzmVX_A0F4B2Tr1IgADEc3Q,VG 뽀오,218,65,44,False,False,True,True
GRANDMASTER,kMkqQrfDK9vK0RnkZ6ZmRETgeOKOkR4fSMv97zAtzRbDY58,M1nit,401,91,70,False,False,True,False
GRANDMASTER,N5T86LyzdoD1hUcSP6I-jeu8Wk447pYe29AYyUafJKUmX-o,dia de sorte,285,285,277,True,False,False,False
GRANDMASTER,9KDWl5tCY5T4cnAMuZpHre94_TLI8EDOjUtmtwxetlKGuVE,야옹히,258,97,77,False,False,False,False
GRANDMASTER,qHSuW0DNN8iGVKenjX-IEyukaoPDIlkeHFoWl6mvoRrz0nk,cold skin,216,30,13,False,False,True,False
GRANDMASTER,IZOStxUz3dTVT3lVjEUI4cEO1gUpd9GgmfIukgg3N9b27Hs,처피뱅 카와이,323,88,75,False,False,False,False
GRANDMASTER,OyyS2G_nGMscWj4hegFh23TwHb5cLp1gyL6CjieAoL-Zxj9udwIAhG-k6Q,ajfafjasdkas1,340,179,159,False,False,False,False
GRANDMASTER,Fp2EVg5zCXoxJAalgLdTaKsXaG8eqmGbIVY85pBJzcEryL0,T1 Venus,350,73,57,False,False,False,False
GRANDMASTER,0AaSymyhbQeBWWJK1TjZmcef0POxVlgKZxS9PoygqvNFDIFm92Rf8OaxOw,6522654,200,157,149,False,False,True,False
GRANDMASTER,BlG1RK-HC9joG1aM9C7juE43TAo20Mv7OjOTzxngzrQPNCo,포퉁이,252,81,70,False,False,True,False
GRANDMASTER,BG1biHLU0oln-Myqg3V-uxH_14lSeHySfdn4VwqGn-8Z1cw,3donghezecaoxian,177,50,43,False,False,True,False
GRANDMASTER,BsssaEpWHW95nwj4dO9WaCLzWWRIxIoWKtOyIGtif7l026o,05 Irelia,214,104,84,False,False,False,False
GRANDMASTER,yPH4Xy3h-ckCD9_aB-L6AafhF6glMS0J-2o3uDUqTiGrpec,xiamulan,410,210,195,True,False,False,False
GRANDMASTER,_FDAG0DZv97FFVmhRuMg6FmgcOTSO7Kb1Svgcau56GqdrmMImjHhf1uxjg,gdfrwfc,232,100,74,False,False,True,False
GRANDMASTER,IW3PUL_7qsAlBpE9dPbXQY3-6qQ81QfzmDHRgPUzV1g8GwWqmPjnwZIIlw,ldmzz1,268,123,124,False,False,False,False
GRANDMASTER,CLd6vbCnFddP_9EgSpw0rO_uDeiFGRGV3dIUNN6qPSBT-6R-bNJi_LoJdA,감정조차없다,435,80,51,False,False,True,False
GRANDMASTER,A9rYKkoFTfy0q4PLVf6scsxI-9unsiLCbW7pN-xsebdNVAA,chen wu fan lan,189,80,68,False,False,True,False
GRANDMASTER,YgskYfKHXGeKHY57NdlGUCTGm_aIuT50x0aVAGX9NeU4rQ,ASDFQWERH,135,155,142,False,False,True,False
GRANDMASTER,-WljxMx2iFRZYucd73AMqIA7oeoW8nyUElNmJtRac69XhVY,한바키,276,50,34,False,False,True,False
GRANDMASTER,q6_szxTqdbA8S5QJzNqWxHXleVBnRib-4qMBsNWJJZR1aUWSO3beQ5l8OQ,Top clown,458,123,105,False,False,True,False
GRANDMASTER,wHV2rBk6yBiFYJYyQJbUPhbtiLP2vjrUrmq1QBT0nD0YDEc,KDF BuLLDoG,448,88,71,False,False,True,False
GRANDMASTER,cBYhMXJFfjc3RatXy3Z_c6OaUqe7BsHGBWgjoDmo8ZapWA,Uarein,272,73,67,False,False,False,False
GRANDMASTER,bXz7AT-wNjzUesriK06lIxqzA9xRc4GHC2ni6y5m6CUoq9E,xybbb,272,189,174,False,False,True,False
GRANDMASTER,Ao4fwI78s-rOm032hoXAkJxIbab5yziWi88h9E5WpoAiIRk,1998zhg,208,38,22,False,False,False,False
GRANDMASTER,EhQDIMok5QQcF3ECHlGQFFRlWRR1fR-0HKLIfwdsnxo_4kaOl4qR_2_jFA,aeinnej,218,216,206,False,False,True,False
GRANDMASTER,dnk3rmDG8C0Gw8q5IGFhzbHPnLQAzA_MdtTcMCtOszRTSr0,탑 가엔싸개,388,59,43,False,False,False,False
GRANDMASTER,yivIg1HyG0K178khYoAZtAqSmdDoHN5sorpxhcWaH_DOOMY,Nation Blue,309,176,170,False,False,True,True
GRANDMASTER,U8mjj_NVjHrG3HHy59YjYMz40ig0WVwqbCvRK_7aFMwwiCw8RNH15T-kIw,넌 별로,218,94,76,False,False,False,False
GRANDMASTER,qbmPsPAqshlyManuEA3oaFGZwkG7TZsWDJmI3JrahGxQOZ0,달인 카직스,430,161,139,True,False,False,False
GRANDMASTER,zbNWLsmlFVWDHIX_ffWETg-ejt1BXC2254LuMvGMatKAARs,크리페,247,64,48,False,False,False,False
GRANDMASTER,UWqWfvKOA8ojEqk0ZX05EEATNgo6MyjSYvS-2bxXca7sVA,킬러톱,417,155,143,False,False,False,True
GRANDMASTER,Uofs9MpG7lYsrgD4zt7p4EZW4pH18_RX8BYMx5EBhSfuOao,롤브라더스 검색,223,43,20,False,False,True,False
GRANDMASTER,ACSyUEp7t7c08q_H3LDN79mgPjIlGTU30gROawhdBRNSfzE,1000bot,205,68,55,False,False,True,True
GRANDMASTER,jV47sSdbwqocjCupBfcTv-dhXGT5pltrXy14VWUIkkqJ7iDn2sB1BtfF6w,Ke xi mei ru guo,365,124,114,True,False,False,False
GRANDMASTER,w46_ta8YrKPDwmyT3IfGhDMRql6-MifgKA52-gHo34FUMbUM,웃는걸까먹은남자,242,54,31,False,False,True,True
GRANDMASTER,7YrrMF_7dZGKQgrGlJzel8LK52VzJ_btI0gqHJ8n0DXSoQ,고길동의마스터이,268,101,83,True,False,False,False
GRANDMASTER,BvKDHVamyeh0QzI0vMtfkTbmq7462HPWzzTSZmVPAEnGN7o,YouTube 짝강,391,110,95,False,False,False,False
GRANDMASTER,wpbYwZifs9wLBTbVj2PllaIU96D4bCvmx1AqPVkFkPKuzXnOlFX3RJ01nw,한없이 짖어,200,66,55,False,False,True,False
GRANDMASTER,GiCQ0tnNpqSxrXrVtOwwiwZpBboQCzxkyTmsOxQHauaJRQBi,주상이의모험,263,134,112,False,False,True,False
GRANDMASTER,rmFpOyNeL-EpwBAs0kl2D_pBYIZ4hIBj_ZUzcf5oNj3K53k,한없이 소중했어,230,115,102,False,False,True,False
GRANDMASTER,lMM_vHa7BmBHuw-Te-zMy73pLONhKj09Z330KNke3MVS7fI5eW9yPkaRtQ,zhiwozuiwo,372,69,33,False,False,True,False
GRANDMASTER,HCkWDb9XhYLd9smVOW0WqFve9q4y1I6QStlHzjFunXzFzXCD6Su9kZXxWw,나솔직히무섭다,200,91,77,False,False,True,True
GRANDMASTER,OXpQC_mG49JGlBotCkATkeK-yBcA8dZJNa_Qioa_THSyswKBGTAo3nY3Kg,oIdmaybe,231,35,17,False,False,False,False
GRANDMASTER,8GsJPRm9ouEZqYqY0eLSJN00Umw_X7B8IhUXXbgziumbFg,daesam,211,82,53,False,False,True,False
GRANDMASTER,L20BTcDFD6NFYLCuqJm3s5M2vxdywTO-CJZ_YTI6Wl1i_3Y,HwayiWY404,209,86,71,False,False,True,False
GRANDMASTER,KAQ9SyzSwgVgLugd3rgkm7q8BXHkjz7X_gRC4VK5l9g2ViZwXdXVHKDX1Q,wdscsafdasf,401,62,28,False,False,True,False
GRANDMASTER,LajQNxv3I3ghUoQqt-Wgaoczl4zMTGL-N2PMHSxaB7rVz-w,종글인,205,121,114,False,False,True,False
GRANDMASTER,6aXNcSyqtr-KSGRhErfs4KsdElfkLqZWuXNucZU4ikw9_-k,진짜개못하는미드,317,151,131,False,False,False,False
GRANDMASTER,R7AIPWGFXiSWggICa05orL-hxNdX4BerCmoiBLR6kdticA8,Uzui Tengen1,209,52,32,False,False,True,False
GRANDMASTER,5hmZPABTyZGPJzx41h5gKYI_nC5TfBh7C6_jDpFNyZg-bno,내옆에물컵,401,85,77,False,False,False,False
GRANDMASTER,8tTDAZ3y8f6WRHQJRBM-Dbu9MC6b2YTZ4phynYkejJU5P8U,aduiduidui,249,91,77,False,False,True,False
GRANDMASTER,3_anEQ1MNEYZv0yN6iRvGlUnXCH3vCx-0E4bnySWbAz6w_9WyXuylx1Ang,bilibili23918786,475,132,81,False,False,True,True
GRANDMASTER,PBzlqWxBjZXbE0NY8QeW6Wq4ii4d0xsP3HCP_DNYbfwKXrg,늪에 빠지다1,334,44,29,False,False,False,False
GRANDMASTER,EBNClSlf8VXCyA_LJqPAE1rurjqW9X0Kkty55Kd0axz1LOk,떡상할게,201,128,115,False,False,True,False
GRANDMASTER,fa5b-fV4G501Z6YiGAsNn26GjLcoY3eNSgWWXKgH0tuWjj4,Introverted Ornn,215,87,66,False,False,True,False
GRANDMASTER,OWyiHv5l1SR9Wpp1tq1okfP22sTI6grXFxwvfo4JI3NzfRY,연애혁명 fan,213,129,101,False,False,True,False
GRANDMASTER,fst3UCjzkMk6vWLye81_7aMtpO74uhIiYX9QKG-Z0I0irwCcOtYs6zrqWg,Jg Gaper,422,152,139,False,False,True,False
GRANDMASTER,7SPubs4ZXVz7FRfWHvjo52RooByROVUbyKe0J_1AAwdlgtc,kfo,501,184,174,False,False,False,True
GRANDMASTER,w48lN5HxjzGFVY0erXKM9XCo3qKGSWHVQ2ljWhrkrjc7BC8,IgNar,473,131,125,False,False,True,False
GRANDMASTER,PVV3jbidv4ri_NlGDqvTxn0IGEk1j_Tk8ewSMrGilnmRips,버리기 장인,213,106,91,False,False,True,False
GRANDMASTER,bz4oCedfvmVCos-r02Wgkg-OMFVB4NPA0h9ZBV1yp2-KQ5jv7g09o8zYaA,Gen G Poo,230,117,98,False,False,True,True
GRANDMASTER,Tm1yf9_LsJ_S_zJlwZHZw2Cryj8lN_IlZ18DKuwrMOTTocU,숨바꼭질,488,92,76,True,False,False,False
GRANDMASTER,ug0VMhB_oAjfzVE6D0bYL3FY4QVi6craUDpRD4TNPSM4DAA,간절해야 하는 법,331,97,85,True,False,False,False
GRANDMASTER,XHtPSQSUYSOULLzLkWWNbamR7OrslvUy2V1Im4BWMX2ECI0,단백질도둑박종우,267,104,87,False,False,False,False
GRANDMASTER,zzbtSSIvfd_oMICHv5OTp8se5ieqghnOt_9iy8vBXHBbwrChQP7rlHexxw,yishannunuhao,235,76,44,False,False,False,True
GRANDMASTER,QKhZwxCZgn46wJKJnqMDkLhyUecp8KqX8ad8SfCquUPalx4,그땐 그저 좋았다,323,65,48,False,False,False,False
GRANDMASTER,1Z69nE77oi3tOSrhe0jZq46c7dwShGnWlVx6Bv_KM9jvA_s,1go1e,301,97,70,False,False,True,False
GRANDMASTER,MftZhe_-gmTuLpBFiGJYi8Y02dedCd-YgyHrP1z39kQpVVt7,펄기아1,132,195,196,False,False,True,False
GRANDMASTER,oOr_A5B-6C8HEj7igVyV7MB4vlJgGtfsW6z23HpdAX3l4F16pBjOyEYmRQ,우리정글탑갱X,329,66,46,False,False,True,False
GRANDMASTER,EhpVbB4HHNqR8Wz99WbeVn9BTia94rtAI5mSV_8ORlDqyGg,남색빛깔얇은비단,211,47,29,False,False,True,False
GRANDMASTER,TRbJBL-RJak3-x6S0dSTFBnodv9BeT6c1x9D0Lc6zuUqztT2Jv-M6T7bfw,xiangcai,448,62,39,False,False,False,False
GRANDMASTER,w8v8CtOHsMOLhoI-qjp6rBmvb9TFN-oK8cPyYgAFxwgp-Y4,alasseo,251,85,75,False,False,False,False
GRANDMASTER,oP9YjLrtoxexMAKgZPK9aVomqzhknbHUASifORA9U8MkekY,aahoy,212,62,48,False,False,False,False
GRANDMASTER,_gTcZ85gu5rqd_psHppfbARZjmRJRWEPq3a9mNSN5Kh6ujI,유백진,470,149,136,True,False,False,False
GRANDMASTER,czNlTZ0_iPnGgDENPH0fijfPSmggOgbJWfKUectFi6bqoHXQ,the Boxer1,307,177,160,False,False,False,False
GRANDMASTER,FKmdZZ8ogVCSvHrYPcEWq4yoWbfW5McAfnJ-8fh5CJGDw9w,꼼나요,225,113,98,False,False,False,False
GRANDMASTER,6LchoysTHtmBaGR76AZsKKphHv-P-wqRyVzbXNkMyz8oBphTAmdBPkDQsQ,zoe xin,335,95,74,False,False,False,False
GRANDMASTER,F_qyiMlw0AeFOkvmBX9c7E5R1mrlhCC-NAsYc600gVzxhII,강타자다,355,114,92,False,False,False,False
GRANDMASTER,N-CaMpvY1wwumY0ztDWiw8B6aYMNf3DKXs12ALVmUnh5q9w,양희지,406,102,81,False,False,False,False
GRANDMASTER,c9Muw1ibQSRZjLnHchgxUKGSvVNO9tcYZ3hQtHCmVM8ELTaB,젠지보면박음,349,91,75,False,False,False,False
GRANDMASTER,u5eq1Q2zFFhL8I4QFiSh9nLNIwy__UvK55WYFQmCbEbkTf0,렐복치,467,153,132,False,False,False,False
GRANDMASTER,gOFcamru24CiVJjaqsGDn23Gcm6XUh7AaTDpoOJWZ3X5P9g,cxybaby,263,70,63,False,False,False,False
GRANDMASTER,gXE5XfdEg7UifDWQs9DKtRyFbzdZHFSJsiIDVXtp_otcEQA,이기고오싶댱,212,57,50,False,False,True,False
GRANDMASTER,OL3HZ5Muj1DfwCdGIn4UCPdlTQsmBjgTyaSBYPr1nMPCk5s,이성죠,216,96,89,False,False,False,False
GRANDMASTER,sl3xLHY1I-v9JNhQJ7ad7jkayxXGXTimyki-RaarO6PdmHk,카타형,203,205,189,False,False,True,True
GRANDMASTER,rerLE5kC5wPm45w9ELaKjWr3M9T_BuropfDHJ1WQ2qRltdRr1p8-ndDXTg,zxlkcjqwpe,264,86,55,False,False,True,True
GRANDMASTER,su6EmzzWtgBIq12nBie3nBRd4mA8xGuUJAfL4qtIGIEz1CXFqMzP6bQSuA,2020karsa,462,83,59,False,False,False,False
GRANDMASTER,9ysO5eeOe-Zak4MXYH-6GLorkh5PyizLokqc8Lcl521AFw,탑 혜지,339,107,89,False,False,True,False
GRANDMASTER,ndx5g1gXTPSrb12n5CWgDLsp9FH7wVwfI2zEsvm0hvR8YDA,18세 기모진,272,74,64,False,False,True,False
GRANDMASTER,LH91yiSU6YH1WNRr_nGkV6VKk_tc0hh-NuaKlDrTZTVdS6g,BT Sake,205,163,149,False,False,True,False
GRANDMASTER,1ASN0p98OaUiPsbvxmmSw30VoCKVUkCzfIz0qHP7i2y5gBHAwtnaphqbBg,Cyukee,258,143,134,False,False,True,False
GRANDMASTER,HG1zwG0ALq8NskH7RMUgeleNqe0fc6Dy79iRCX_FM_4tPQ,리그오브레전드ll,286,146,127,False,False,False,False
GRANDMASTER,P4CfZ7-z8kDPaondHut1rgtGZ6Ve0ArwCeyaGImVT5YucQM,내일 모레 사망,268,90,77,False,False,True,False
GRANDMASTER,rH9qMNeyiBqhqfTAyoYKqRUYEu9wAIVsIykMOflmmviQjTA,프레임40,200,54,39,False,False,True,True
GRANDMASTER,0B75cDi4fickCJYQiGfn2eKTickolIaUXxQACukUG70ffxo,gtqeti023,203,108,96,False,False,True,False
GRANDMASTER,1trTURTtS5AaRNKPk9pA3uvZNhMJXQdWaGuiktF9DGm7ekA,의성 여포,479,119,112,False,False,True,False
GRANDMASTER,JFIoQZwjHyiNftEyAdytopoeEEgyJaCVkRviAqlrG2xppvaSEleLN4sgDQ,Zap3,336,116,101,False,False,True,False
GRANDMASTER,M5JZaXT-Ch7kXfkaClVmyvu5eWJZRa1SwkDRekEFFbk-Vt4,박치기공룡입니다,484,80,57,False,False,True,False
GRANDMASTER,2Y2l9O1YdFyRNkEf0op6GDbFXTNETfrGmbdqKfaELGwRr-M,yyzx,473,98,85,False,False,False,False
GRANDMASTER,3p5Ht8rPgaSBJFAO0znFoZCqo4FpWeocp8xk4xIwOanxe9U,no name12,178,140,122,False,False,True,False
GRANDMASTER,lxotigQbyKhPhW4fpPYbGJRzsjVs2dq96dxf2x2w4K93jvwv,아프리카TV소신,380,79,59,False,False,True,False
GRANDMASTER,MHwkUSTyNhdnwdOAceNGbXYPD77eq-AYOGU2Djn_n2t1Elw,쫌비킹,424,126,106,False,False,False,False
GRANDMASTER,qfQhsACxxbM2v3Vy6Tnl50AaHhvmcBWZchK9_z7dNjQWK5A,Gen G Punch,308,55,41,False,False,True,False
GRANDMASTER,4SsG0LqubuNGfN2zTK84Ja-soIz9gl6J69VQnmSBNphCw4nPI97e1FNRNw,듀오강의롤베스트,219,67,41,False,False,True,False
GRANDMASTER,OF0xML239EImUobV4ZubMLYoCo_Pb4qzdsgGezKTGu5RsfE,HamBak1,280,54,44,False,False,True,False
GRANDMASTER,DowmnFUEkwavTLA3NULlxTQOy7eBtApePifHNUoO3wfwQOE,podongpodong,215,113,99,False,False,False,True
GRANDMASTER,THVFrhjpUXJxFC40tQ1w5dbce_twYjkwz1I8ACPpOLBByfw,DK ShowMaker,297,44,38,False,False,False,True
GRANDMASTER,S-rRLoZjOVfvtYfRMzTaHYFpvqSkxWCWF7k9Q_WFnBI5__XhCLJ6Vy4rAg,LSB Carrot,227,144,132,False,False,True,False
GRANDMASTER,yeuiUlPdt5T0udEU2M7gNejfaqW9inpYcI7jFnk9QopriA,elole,392,87,72,False,False,False,False
GRANDMASTER,yOBAzZe2SbrZ0ktJvvqLAuRqzD1S53IF3X4NX4csrsdWSPA,물방울석입,400,94,78,True,False,False,False
GRANDMASTER,PGr_IahldoyNqk34bKQ5LvLZiBUpDIiKswGSvK9dTcN8F4o,2020년8월,220,118,100,False,False,True,False
GRANDMASTER,ZCXk-wjQeWXdKsIjZR5M18IV_7YW8vtLDmyUdNqU0teRP_Y,별사탕이좋아요,430,79,54,False,False,True,False
GRANDMASTER,U9RQ5mv_E537yZco9fJsb9ogCMhCBPuerdZhPNDJ55j5YPo,진짜 어려운 롤,210,107,85,False,False,True,False
GRANDMASTER,uuNjBHkk0j5Qx3yRuYkeWyHxCLMQ7YMz-1nrr8TGYcbZ7AU,뽀삐의 피지컬,432,78,52,False,False,False,False
GRANDMASTER,zlrqp2M8G_tW2EtFLqZCJ8DIA6NECihhFbUVcd2EePUKEh4,변세윤,208,154,143,False,False,True,True
GRANDMASTER,lVGdGVU3Zrrs5t-2w0RCnQfPbSepZzMuEENJ3xj0qR4CP4g,슬럼프에갇힌사람,217,64,39,False,False,True,True
GRANDMASTER,ZcHtEXVzDpYhCzrUlW_b_9Pq_EEzzpHqsuRjmKWa8prnTDl6,T1 Smash1,228,63,56,False,False,False,False
GRANDMASTER,KvyEITxfpNVnN9Qo1pIkh_xgEUqjx0FmtormRu65UIw9IEasVnsuwCtFig,sanspareil2,410,165,132,False,False,True,False
GRANDMASTER,Sw1okvHzfDliqI5x6NCJjC7JoxtO7fDJYlro5tMg3u_yrGY9hXrwoKbIXg,bang bu liao wo,274,172,160,False,False,False,False
GRANDMASTER,BgcQaAdF7wANOVf3t2lgXSkwPqsOw8ZscIzws7U7gKSEA6I,꿀잼사과잼,244,37,20,False,False,True,False
GRANDMASTER,Hs0DrjNjk48QkvvxyjqvKd_3MM1QBNCUyD0EIUB54CT947WW50DG5ojL7Q,bao shou zhe mo,238,96,82,False,False,True,False
GRANDMASTER,9zHnvqs1zwaWs1aCX5LWsmrGnf_nm2MKgLX46YDi97Zex9l-,소년가장 원딜,411,133,122,True,False,False,True
GRANDMASTER,-gyXsZJB9DWPd8nX6Gke2oWIHrS0_wtMlb-92sWyKd2vCyTmNRNyCTmXsA,lyy2,257,123,109,False,False,True,False
GRANDMASTER,GzlBKIpkGBudwRJ-lNWN7kMJApO6FCL6U_OHZdWIozQ8kL0,유령송 1시간반복,269,94,70,False,False,True,False
GRANDMASTER,zy9IXo40SU11QEqi8qnH8A2FN3Y9nOtiyHHTCHRQy2KXpHWdV02ZwHPBow,돈많으면세계정복,185,73,61,False,False,True,False
GRANDMASTER,wxoQWz3CiNzAXla4yX4F--dXqCzwzlrEahVbjgKc5Pa7zsY,Mage Supporter ,220,173,160,False,False,True,False
GRANDMASTER,WP6niAF9c8pYu0ABkIZtauAOmolHtwQt-Zyw66izJfc76ao,병장 이승빈,462,115,96,False,False,True,False
GRANDMASTER,DwXqGe813WBqT_0DmaeqO9WbCYs0X8IVK3CBmBOCjt7x6i4,나이트퓨리의선물,481,90,57,False,False,True,False
GRANDMASTER,ijqW9blZ-51MmvyDGQpeCi6hsQAqAL8xoLt1NMwJMn6twNE,뭘 보냐 디질래,318,44,26,False,False,False,False
GRANDMASTER,7ZpGRZGS-1rF9gY2AviyGeCPA-sFI-QRdDPcWID-_UpQOhE,청년 이상호,372,162,146,False,False,True,False
GRANDMASTER,SdSbUyyJDGF4meTxR65R372K9U4nGET78DhA9Sre6cpeDQ,SnowFlow2r,332,75,68,False,False,False,False
GRANDMASTER,dCRnVrzpEuSrLRU8C68hhzRJW4dK8l8rkIZC2wJnV6DE7TI,고마워요감사해요,205,88,78,False,False,True,True
GRANDMASTER,jslKECuw07kABP1R0Qq65GcMnS1SLcFVyqxhwSRbFWDB8SE,Shadow Ming9,268,117,107,False,False,True,False
GRANDMASTER,X_jmtErDHQhk6FAR2FgmufuF6hpom4GDxHqDU2mEk_0Ro3FkbYJyLmePUA,CN Wuhan ,412,276,259,False,False,True,False
GRANDMASTER,L3xcljx6auq0s3sQ5MUQH_-MvGIbMBOaTUmgSNBxwshHIU3iQVF1B7hs9w,kgcjhADHSADN,431,93,63,False,False,True,False
GRANDMASTER,PslDMDUxSfvZGIv6A8ZfEfMp0_-bu96xBy0gEinV7eOnlfWsj8WdElAwAQ,Epilogue for u,466,207,199,False,False,True,False
GRANDMASTER,JO5EfWY6MwsDoNpsjOBtnLZVX4sZ_UU6HWnNguoug4Lt7sE,Love ShengJiaran,385,140,120,False,False,False,False
GRANDMASTER,Kcivr319qYX9yTqLLvGCkZbHmh_ST6F7WbE5mj1KHWGOaog,LaPerm,205,94,76,False,False,True,True
GRANDMASTER,tEP0h9HVjH_wUlsQEe3JKvEzpVjWPiMoDoAen83DX1JYUUA,하뭉이내끄,251,68,53,False,False,True,True
GRANDMASTER,mQIKrIv34xl-58CDPd2eqoyFZ95nuvQyzBtbcXqz_bi2lLo,빵정호,228,71,53,False,False,True,False
GRANDMASTER,szb9H_IeCEzP-Y-zQ7Ak0QVSdV0Fk_B_2HICQn1LHfwK2UI,PureLlne,265,101,89,False,False,False,False
GRANDMASTER,ZmKYXpC9sum1i4YI8plyU3qMjn63QdsU8giBY4pvR57AuXxPZbg9iCpzxg,manmanO,239,60,50,False,False,True,False
GRANDMASTER,IWqYrMdEbjSs5rSpiu8CQywq1FB3_DFEth8j_9IQAte6z7Q,노런색,215,125,117,True,False,False,False
GRANDMASTER,vx0pZeBrGVVpm09Rk98bVlryKvMwfS7j-HSv1wh1wZ3Bsp8,재선이,203,121,69,False,False,True,True
GRANDMASTER,GNFh-vEvVmX3zj_nwMzI00nbkVfb1KM2GPJ_3PJVPeT86A,카오스는해봤냐,262,91,71,False,False,False,True
GRANDMASTER,YZiP4FIZnU8xGV2tB3whxuuTM7e6AnvUQARJhgHNpSV2II8Whw6xEZ__XQ,아빠함번미드봐,206,94,56,False,False,False,True
GRANDMASTER,qY3XEuzHsrf4U8Gq1hvFPCydk1jjHeANyW-cp1ecQv0n2B4,happy   game ,366,89,77,False,False,False,False
GRANDMASTER,eaPwlQkQDzLGRDpbufPzEEg_k_mrxzM29ksxcEEJ5kKiVEtYvVbW_4FIag,FA Raphael,202,65,54,False,False,True,False
GRANDMASTER,BSXNxNpCjQ-dam6tFXqD1zdkOfwp_S0-9IJbQWizupDrg10,ggggggffggg,240,55,43,False,False,False,True
GRANDMASTER,6w4gqUQkCHYzeYQJ9PTPcyDA2QtWMPnPsy8TinKIjZMu02ZmrlbLEJHQrQ,자신감이 곧 실력,204,76,63,False,False,True,False
GRANDMASTER,efIyOCp7ShmznIioV8hvxOG5uevFIqsXHFZQfxkOn06gqqTgvKwoJqEVUA,143167947547,207,33,29,False,False,False,False
GRANDMASTER,DESuwoddi6CSXJhQxQt5zHsBBEJjFnZziDlR7YEC-aOMhYpQpuM_8vd1hw,농바 심이탈,239,65,36,False,False,True,True
GRANDMASTER,KMrQLiyREN0p-fYn5BPnFsjsD9hNNwl60G0UW4EBvPmPhDs,PSG Tank,251,84,59,False,False,True,True
GRANDMASTER,jkFHzrSlpDrixXirLMwrDaJJsak2BuPer7LyBojH1Tn7sq_OsPIYU6O8kQ,끝날때까지잘할게,343,65,48,False,False,False,False
GRANDMASTER,AWZ-vGNVrQwFFbFM7IVq4pUI5sCJ9WyGVUPMOerM-Gl0hlM,젤라또 푸딩,415,214,162,False,False,False,False
GRANDMASTER,TamgnmF9v9zFx9an8O998i97JaJj_8uKupyTbrtzZS4-rL9MxDtGAEX6OQ,akya zack,194,75,59,False,False,True,False
GRANDMASTER,poF3Lsdz3NkMEs5YI_NBKJXMcRMQluzBLEUS-drLpToufw,61110002,339,137,137,False,False,True,True
GRANDMASTER,KExZgRPC7bKOehn1uHkoULYaPXGe2-vtNkxOXsxW8hV2BTY,패치가가장강하다,435,71,36,False,False,False,False
GRANDMASTER,J8SGKlNdS1DbDe61erAaqTJLxJdBLcISohrycTtrAS5vxg,올라인으로챌린져,211,119,100,False,False,True,False
GRANDMASTER,plCZ5bqeSubLohhk3OnGihdCFMbxFt0T3tlw7NiLThm6kJDa,beleubantoseu,377,214,190,False,False,True,False
GRANDMASTER,yJV19xioYDUh6QmveKzC9xvTMhTK3jwVFTg167TOhYO2SA,FIORAKlNG,290,72,63,False,False,True,False
GRANDMASTER,1X8q0WO7unygxyzqTe8rMy6UwnEsIpDlSLMjUgeqlohc3Bg,KT Way,285,51,43,False,False,False,False
GRANDMASTER,LN-G2tyFZfiOPibEvAWtUao9DriNjObdFjOU8PgZ-OeYXoc,연습용124,351,80,74,False,False,True,False
GRANDMASTER,6v2eVY8-r-0GUTcX2WmyJTQlw-9JKUxx8JRX7EJqtid-TNg,MedunLo,381,104,89,False,False,True,False
GRANDMASTER,W0GC5mgKl_JRQO3mYWSGyujF75c857aDB2YrrjENE881qMU,골목대장 태훈이,295,48,32,False,False,True,False
GRANDMASTER,3wnib0lFOQFa_ZfShX29FCLd3qwLppT34t7tx-AHNVHH9Vw,cryscata,353,101,83,False,False,False,False
GRANDMASTER,dqMmmSgr8u0GlW51N0-phVdGnrv71amS29ORSWy47snSevN6_fK8UFRCDw,Nox808,231,138,128,False,False,True,False
GRANDMASTER,Ks3-mVfFjRJyHuK7_oXwNQmwLOjToDEeOJElz-op31gzFcXMiOqHTaEuGA,버프줘바,241,71,55,False,False,False,False
GRANDMASTER,A8IMOIp4VB2Y-BdkA9kf-pzgz7cBBa4Tz78VM398bujtS7L6Mgf8GkF4Sw,Yagao12,533,78,44,False,False,True,True
GRANDMASTER,knwz8yQpx0WmPWuCJvOB73Xcqrluoeh2WsfRUhQp4Zj6v3osqjdKPClaEw,지금바로너랑애월,347,52,39,False,False,False,False
GRANDMASTER,iAPJpKbnIPkM_-5m4TdREzI25M0ks7WTaxeCUbK3g-kHV48krPsYdhTlQw,Anni,207,75,66,False,False,True,True
GRANDMASTER,nvEL6DyKG7gRhVJTRC5JNKPb68lcfU2BQzqe-5hpOoibjJ0,Uneasy12,446,95,81,False,False,True,False
GRANDMASTER,NxWufwI-Wi0tErTm2uQqC4USNe6sW1Z4kAotcsaRbNYmbLg,Switch Lanes,309,82,66,False,False,False,False
GRANDMASTER,oya3KAQq0hteb1aoHNbtfjYr4N9cMDTjnoWp_dhbFNA2TBOu,트위치 미드동선,200,56,27,False,False,True,True
GRANDMASTER,ZxDW-WYMFSZaryA0dJAvf5e8rzHgkN7bwzu8_K3U8t9B5pQ,간디도롤하면폭력,347,179,160,True,False,False,False
GRANDMASTER,p7WjsFvV4PsThodzgF7tBdTvOSPc17RbRPGAOwRPV18G1kneRgv5X_1BIw,yue xiang yue qi,222,59,45,False,False,True,False
GRANDMASTER,Md3YrpXadfEQUppBgXvbcCErc5IytPJuxhvbHpS1L51LkgqztI2qo7NFLg,pure1ove,275,53,30,False,False,True,False
GRANDMASTER,1EoOajwv4UKZLCRuv7tjSJ83g97d80-RiGAhB3I8x33M5nZ8Iu_s2AShYg,JUNGIE GOD 12,465,238,216,False,False,True,True
GRANDMASTER,mztizjtcjFS0S0H-QQ2XOP9evQOlsnfGGJjiNHrBjK1vCw,Sleepwalker,212,108,87,False,False,True,True
GRANDMASTER,LTMzHpIEdjWBiej_5C6u_aWxj5zKkMvmBheCiRBhHzi8TCrsVOxPhomrQg,hulatang,364,121,102,False,False,True,False
GRANDMASTER,zUvcI2Cw6XDiOMu8qSrVqQeGRAy0EqLPFMTKJ_3GYOvd1w,위믹스노애미,447,100,84,False,False,False,True
GRANDMASTER,XoTXHi3xdZLz98xA9R66YXNVF1yQjT9mLml0L9thg7QogScoYiDPg5_DUg,askjdfkajoseke,232,63,51,False,False,True,True
GRANDMASTER,kaQxj7bDIG0jTrv7s7n1T0RLNPvhQhufsBlN3qXbUU5F40BApkfaRQG90Q,Like 1999,365,85,70,False,False,False,False
GRANDMASTER,Gru1k_S8s7Kv5rZ2FxwSwwNBUP2S8dJDlTv-OmvxOqGzilk,Migung,246,115,111,False,False,False,False
GRANDMASTER,0SkePBlIuyh6pBKojtjkoQAUsqbJRERzh3h5dmDGPPxQyVdN,장임박,211,109,105,False,False,True,True
GRANDMASTER,6UkwVZY_MxJCaGbIB3I9n_4l9XbKEHnNMAw8HfeURm_HYjb0JKIDbaQKzw,Kiyono Rin,419,71,58,False,False,False,False
GRANDMASTER,g5CUHP5rI5nFOci2gb-_8At9O73B1J-v7_Gj_XShEzaVXrwfHAphuINKlQ,04 10 07,266,99,81,False,False,True,False
GRANDMASTER,KPcy4ZxAt-64Qi0MI8bV1leJ2GRewFdXWfiob4nv5TAV8ZE,bugouyangguang,181,189,179,False,False,True,False
GRANDMASTER,1jB7Ij_rplER71l-8bOUHKx1mdKE9ThdRUoVZZP0HE2UDC9EM9-sjtLTiw,371946285,207,181,167,False,False,True,False
GRANDMASTER,I8lV8Q3fl-ruRBrhhNbtjhND3qwNVqoj7-am9BhCtQmUHRA,UCAL,356,55,45,False,False,True,False
GRANDMASTER,aNpAUHNGY3XO5pWRo9d_tYAgv_DQpMnjox6DdyJrQIdvLTQ,딸기는 죽었다,334,98,74,False,False,False,False
GRANDMASTER,h_Idw5KypuDVzapPWFChUdkdJA-Muajtr6I4brJwIhyQba-Qog5W5wVnxw,yydyh,346,106,80,False,False,False,False
GRANDMASTER,CNGlfVoPoY92YV4zb59uMzFsx-XKPU0AjZ_GLSHOyUg6LqzSLkAVY9gniQ,채원 펫,208,49,23,False,False,True,False
GRANDMASTER,1djyDKv-QfSoPx3EMiKr5Qcnk9dsc7e6ra5ePcMd9Ys3yGE,박 구 원,320,157,138,False,False,True,True
GRANDMASTER,JTLKOyoLiBjjQmXYqDofRqow0-AQ8Y6Aed2AjGJZufc1-Bul3bd4oFqTbA,절연체,258,106,103,False,False,True,False
GRANDMASTER,V0gcGOUUl9JWeEUMJQZWu3DPJEiuuWpfGVo_2X-HBwLD6Kg,꼭대기,248,77,57,False,False,True,False
GRANDMASTER,DnHWLOZVIm-hn30jNalkvaRVGKNl55rG5sVOmzI6C4MFm8Y,불꽃성훈,204,68,53,False,False,True,True
GRANDMASTER,zMasnimLQpcZFWondZ8sMBFkgrq6nNIPppCvuEn7nNyxiQ,황준형,236,170,149,False,False,True,False
GRANDMASTER,WPbxAfSwqpLkAO30fjPDQcNp2W5Za_KaPFL4Wnl88geZBFk,인디언식 카정법,214,173,117,False,False,True,False
GRANDMASTER,a3vYRLgctvEbYa8jwq39xkOjvKq9pbHOJ4tAHkrjjQT_lRFk,마스터 이,208,112,95,False,False,False,True
GRANDMASTER,NM9qTwTE36stUGlROmywTknWj5WEoqu9WlZIzVhJGEe7NLN1T3JLGL4Syw,fangqing,291,54,30,False,False,True,False
GRANDMASTER,gQNeNzuLXA_TOVFdaUMOyzukAoAOd2ij1BH0vmHzoaNbmAqmcabUNyyraA,linlinqaq,426,86,63,False,False,False,False
GRANDMASTER,Df-nIYOP7mwb4cUk2uj92qskh8nuUq9-Bg7EVL6lwU_FBkk,하나나사랑해요,453,142,118,False,False,False,False
GRANDMASTER,dKeYhR0CfPVHitCpCR1G5aNfq6rjBUYQzUZLKux1pvkNGvE,팀을믿지않으며,271,155,136,False,False,True,False
GRANDMASTER,FS0clfusZ4mT2Di_urStFNweKuReDPY9v4z06sTCYx8wSwXU,Fk sup,268,85,66,False,False,True,True
GRANDMASTER,CCxKneyvRVQ1sYsZq7JPPymryWQoDGEpt-25AuNu7UOOp48,열심히해볼생각,502,101,88,False,False,False,False
GRANDMASTER,n1Bs_igVvmj-NLWOe4EzNsx_OYR0AfmtmfCA_qpuEylN1Dw,공부하기시러요,334,119,109,False,False,True,False
GRANDMASTER,uWz0VofQqil14SrWskXszRGCWULpfYXE1Lo0B2SSdXc8quM6yctZR2Hd9g,마쎄옐로우3미리,457,129,112,False,False,False,False
GRANDMASTER,8IjAbB6m-gq7p2SPOUEgM5ab9MxGlPPm2WdF8MXinhKf7bpDD1qyH_1-Kw,New year2022,349,85,59,False,False,True,True
GRANDMASTER,dNdKcP8OD_hkgKZGL7bHjH6fEQfKO9Z5oDVbEaonyXN5Tw7z32fDvucNjg,The B0xer J,273,99,86,False,False,False,False
GRANDMASTER,7bRWK2UTWXg_sds151KxI_IWCmVIVw_-rDDE0rSi3uKAr8U,실수는실력,329,74,57,False,False,False,True
GRANDMASTER,mN-R1dEwRwNmbSpqR9j9jymfMzGxufng3tzsDuXNx_wE7DxMulMYKbc1Zw,죽이고싶다1,305,62,57,False,False,False,False
GRANDMASTER,VSq5sZtBC2hyHJsDG6x2lrp6o_EbbNo_79dChsP_qpraJjjQxgkSegYH4Q,05 11 20,219,140,120,False,False,True,True
GRANDMASTER,rMaKlffkmkJFl_Ng2rq42emFvCig27R6FLMc4f17EfQ8Kwbhn0ENgDZqUw,RHEFNQ,301,59,37,False,False,True,False
GRANDMASTER,zKRlLW9SKNjdU8Qu0wYq_ieuzWoJB3ZKYCysGmQpO5YQIr0,NS Calix,264,211,200,False,False,True,False
GRANDMASTER,kpNM8EkOwyVup6rrv_hCrWQxfyn4AywQh0oyn_s9cXW-MmM,칼국수조아,262,232,222,False,False,True,False
GRANDMASTER,pOGgyvDsBoPUJZX7D1Q_EAkZaiqcf5ZZMVEHrbp0OEutMvDVWyS4aIZ8KA,땅우양3,237,83,76,False,False,False,False
GRANDMASTER,O4EkT47SiPqrLPMAE9nIhjoY95Bi1MRLijAOV4JwT6AGtcOOhl1XV8UmIA,2duanQsaomiao,349,96,73,False,False,True,True
GRANDMASTER,quNVTrJppAHpwph15cAYJ275ouj5pZ68dojozLNie17LGdke7R24pkS8Ew,Xiaohu666,417,80,64,False,False,False,False
GRANDMASTER,CF-7y2c1EGAxjn1eIPFFD0X8vD_N1jeMndFzf8Qy-k1Wqhs,너의 친구,361,153,140,False,False,True,False
GRANDMASTER,J3o9-3jDk2Sc_7f1ksOsxt6RhlE6Ou5jvCOSYAXT01CRP3z6,어쩔응수,270,196,188,False,False,True,False
GRANDMASTER,WBzSJi-t2CJxPUbp1eYr04P71FAWtA49BUZKAXmp_XgvGlE,부산대부교공결혼,374,77,55,False,False,True,False
GRANDMASTER,vrMJx_JdVQFXfN-egYRE6Nh3aGYVotztS4eOmWYEpCxAlj8,원딜은무기력,218,145,119,False,False,True,False
GRANDMASTER,dQm5xHvxPkFwO1y3iydHH6rAZBSF9-dEyP-yZlHGWs8PepBSvpIE5kFw0g,17 world no1 mid,248,74,60,False,False,False,False
GRANDMASTER,5-Trg3GvSZV2DYAaOqh9a9OvgvZCjBQYjQyKZBrBHrolavPnLnAVueyJhA,처형자,298,92,73,False,False,True,False
GRANDMASTER,ccdXomq5aEFvsFqHfdq6LtRUSxkqQYn256w9RSn537km1FUvIwsAJkIcVw,pingwozhijiedian,392,68,49,False,False,True,False
GRANDMASTER,mSUJxJrDpmGtx_T1_SO668gogLnVKlyBzlJJwBFmUm8lKD4,Lumen AD,207,37,28,False,False,True,True
GRANDMASTER,r1PerZxOLO6hpZdKJETha4qEltYtCwfoPWX42UHbcA3MIlpZv-_bUqHm2Q,말대꾸하면6부적,208,47,29,False,False,True,True
GRANDMASTER,J_idAdqQKfLTbyyQ_F1GXTvZ05Ru7QBlaBN6E9PJUyeW-FY,Heyst,349,193,180,False,False,True,True
GRANDMASTER,UCkkIYJfuZ_Od0oLYq_SBRoTFn2_LuzbgWvxfN1hld-zxcXOzryBWMee7A,뉘셰핑,411,103,63,False,False,True,False
GRANDMASTER,L_KT6NAFK3iPuuJ7xzIJYETQfbTIWEGACyjlN4K1GZjk-Go,우헤헤헤헹,204,37,25,False,False,True,False
GRANDMASTER,MsWe3ba29HrNP8cL3RxtyRchON-JpeWMGBrCTiL01UQe9Es,T1 A Panda,268,83,69,False,False,False,False
GRANDMASTER,hii58I_8WW3-gZslS127coYS_Gv9os0biXxE9V0MspETTya6aSRz2gXCVw,진심으로 대하다,232,114,106,False,False,True,True
GRANDMASTER,Wli4wKeYEtw339dnN6m6dSi7rJVSpv99EK7B5RflYFbxiOI,이구역딜량일등,206,59,39,False,False,False,False
GRANDMASTER,KuHy4E6cGGzhmQAhb-eMYyYlJ8sT_C23Ew5QCxVcZzx9EgQ,tbtbtbr,376,135,119,False,False,False,False
GRANDMASTER,x54KsLygldySRmhBiZ9rW4HcWFlfsc0vR3DAwV6LHRzKa8g,쭌 베,359,132,122,True,False,False,True
GRANDMASTER,We_Cbk73YPWQzpAk-ngMF2-cPVu9JakUNErQybiT5O2jBw,wobunenglijie,315,107,88,False,False,False,False
GRANDMASTER,oWID-Y-cOtsSDNlrDvvV45wwAY_bErqXn62ul74gdFc2IqM,Nalalala,228,54,41,False,False,True,False
GRANDMASTER,v2TJrHzeTDWt0Cr7VX7LVaXpwbwhGI4Gu3auF4W2gitKymI,03o614,283,88,79,False,False,True,False
GRANDMASTER,I_1dP7wXZntnnWrEsT18zBSQ-zEe4wdiezqnsV-J_pj8HNGvAIvmzxxMPA,LCK Progamer,432,86,65,False,False,True,False
GRANDMASTER,gc1zPFtBDI3tOTmNLX8fq7Te7TFL7IGzdCtVYnZhi-alNw,honttoni umai,224,74,52,False,False,True,False
GRANDMASTER,E2_Gkf-1xUbFw9V3rt7WW-YSx_MvJKX1D0-EjvBF9IkhtFqC,잠 컨,200,101,93,False,False,True,False
GRANDMASTER,m4zJU-Hhg8OFJgtP0uPVYez0cPydqJ3whJZJPvD7dTOm61Y,E dal,339,147,132,False,False,True,False
GRANDMASTER,KqXC4v7Gbqv2dtUtVh8ZJvQpbqw_x1nCtphiUQCp5Vrr04iVioPF1w-mEw,비엘지 탑,313,80,60,False,False,False,False
GRANDMASTER,foJZkJtjznev92Ax-zqTVy5dX87OXIayLqoHrb-Kq21Gfk8,yukee,132,100,91,False,False,True,False
GRANDMASTER,HslSfli0XmiG0p9e4sw3UsKjqgd6W27fw3l9LNMuAAdna6o,펭귄빙산추락,516,85,60,False,False,True,True
GRANDMASTER,lTZpHq9vqkiLokS6ndXLa8pRuyA_n5VinUGNbL0VzpGKIlrcwpsnW9eUbQ,Anger king,288,247,227,False,False,True,True
GRANDMASTER,LNVgX02KLhdEBurrbxHMOU_LOwXY36FR_qJM5NiAIs4kq4XoRkziFY_Rrg,RPGKingzhipeng,429,98,72,False,False,True,False
GRANDMASTER,sIlgaooDKknn3ug2QlTLsqrpdotJplyAWYEGRwRhHNX2op4,Brrain,256,104,89,False,False,False,False
GRANDMASTER,MfDCudGd2Pca8JGZJkn7uIBGbhMfvZ8LPeveCIK0M0ikhv8,DK Kingdom,351,171,166,True,False,False,False
GRANDMASTER,bU66v6NQPaW7vvsDmzhaTsPRUJp0vA031vop9a_ItENHlsI,Luv you,204,112,98,False,False,True,False
GRANDMASTER,EG9Bh_nq9PCmMW8gVipZNsqDTyGD2Xdi1RH7XjxVBDF8paw,제리고수 강제리,381,180,161,False,False,True,False
GRANDMASTER,CR4eqEP1tPBmTjZP8H3yor80Kmc_xp_tl8HF2lNoIf6Ewe0,Lehends,413,90,82,False,False,True,False
GRANDMASTER,eGMi6ULh4oGFOAkn8z2I3_iQJYrgoZO5YFCI1pkZGRSXQQI,도구는 툴툴,415,89,67,False,False,False,False
GRANDMASTER,6md4O88QZkcHNVZgkqLByTEYRbDQZSAgbeGaaYO74VQ5JnM,퉤 현,203,52,32,False,False,True,True
GRANDMASTER,HnDUncQdVJkGxHhHsROk_blD0PZ3_LECWZno6fWC4-TONuc4EPb0Q0q7gQ,thomeboydontk1ll,254,73,51,False,False,True,False
GRANDMASTER,7s8urcPFYsM1qviKaGaRMlYl52v-bG0z0AqwY6NwTdLEfNA8EDOTyplZaA,온 재,407,134,115,False,False,True,False
GRANDMASTER,XtxqGDsDx8MYtZBdOZNR3LUXT2ZcJpxUb5u3Ijb1UpEcfSY,다없수질,440,97,90,False,False,True,False
GRANDMASTER,gSMod7LAgXEb_fYuyzRXeYVAMbO63okGoKV8M7cY71tUBw,B1gFour,202,130,121,False,False,True,True
GRANDMASTER,UudwK4D27f2DiUtA66q46B0qmt9MAItTwH5Bt9gYHGdNsBc,틀니의호흡 제1딱,320,106,82,False,False,False,False
GRANDMASTER,Pv1klG9Yw3VcWVfjUzUjzGFojmU6YnBbk9cNFh8DATZVVQ,그것이 매지컬,200,86,67,False,False,True,True
GRANDMASTER,3EngBZmbyF2aPK_N7tRXgUiPDvWOf9DX3OpAeAgmxScqZQ,병권좌,438,113,92,False,False,False,False
GRANDMASTER,nvqFCfaUq6ji9WsHtBpuCuUTAR7j3qw8OEzJVMOi5VvaKGA,Toptip,200,51,34,False,False,True,True
GRANDMASTER,J-943hOSqXgrwfIjkqKELdd0T0mf72bLpIdiCo4M2fc-4z8hDVHSIe5gdw,BernKasteI,212,49,33,False,False,True,False
GRANDMASTER,F0xLq_GhSkZXN-Yutz4yvB2lzBLRPwV88FW3AXHnpPXjqABp,가민준,461,90,80,True,False,False,False
GRANDMASTER,qk07nXhCJwk5XInTqBR1YCz6G5qs4dzUQyIrHNpZZ3fp0nk,DK Sharvel,453,188,167,False,False,True,False
GRANDMASTER,xaKSw8hoitBQtyMnf3WOP8DEQ3k9sqyI7GXIvkEAecxznA,불타버린 발바닥,209,71,55,False,False,True,True
GRANDMASTER,5ttcuPDIBkKFVqJ2t3vW-W79UGJJubvdIh6huQhg9l9-ABQQO1Y2e4GVGQ,iamoookay,272,76,57,False,False,False,False
GRANDMASTER,PsmoFPMJamK7NKZ7TxlvXRjdrnOfswdfxsTyuZ_cxxZ_B6Ta,DK Pullbae,318,75,71,False,False,False,False
GRANDMASTER,dw5i02GUKCcysETws_5i9LPsyBkY3vsxggXVW5ITxCf15UspTG2inDtWxw,waiga,226,67,48,False,False,True,False
GRANDMASTER,e2ym7Yl7xMu4C8p4zu3Ck_2sQch_Sm362QMUTWhHc8ic-l4,콜르키,215,90,73,False,False,True,True
GRANDMASTER,98whrimNXiE0eS8K_fdvIQQmw5DucsQ6LRUgqWzY3jHPPvDhplMMqZTJrg,NiHuiZaiNaNeIlI,324,86,62,False,False,True,False
GRANDMASTER,1c2hCXHKwckXPEW07piZ8EiEtZvqv7hCnw_oDC4D_pMCxUc,LSB Envy,497,136,113,False,False,True,False
GRANDMASTER,Q7MzsaSMkVgwN6IZNb2tvNccEZflJIshbcNygcuntWQPr5c,히히 못먹어,236,212,212,True,False,False,False
GRANDMASTER,qaZ65RHyY0Kq-Xrr3AafcZZb1NDFOno5XSAH1u6IoxgpfgY,푹 쉬면서 해요 ,200,40,35,False,False,False,False
GRANDMASTER,PyQwwW_fvGZnkcK-6O_0-am0POIy2j8OwOLTZsnkH4i2HfHk,Aileri,304,73,63,False,False,False,False
GRANDMASTER,HsdI83UvuP1zH4Sb-55YpgZ_cbvB-FazAfMzYAvnXusVqfs,댕실댕실이,334,152,133,False,False,False,False
GRANDMASTER,_gOlKwhod6rX5i_QbznzepyejapOif--7vnHx7EH6OOrVho,Gen G Quad,300,74,57,False,False,False,False
GRANDMASTER,ywyOLQaFKfOuM1egrj-kiuQ1_c2tkqOIPdi2dAcU16FP2uY,sldjsm,424,179,163,False,False,True,False
GRANDMASTER,RBbU0zJgKw1bV_FZn9oa3UwusEzo1zA0RBfhuNeUFz_AF84,2005 05 01,260,149,134,False,False,False,False
GRANDMASTER,d-Xyw0KoS6VZKmkxf9CHdWucWWekRoCVpfU47TlSUDZb2XsRtZ9H_tKdSg,구글 롤브라더스,265,129,120,False,False,False,False
GRANDMASTER,7E6AkpH555zoFDSqDnQSGzK0SqudUw-vJVvWqmMsQosWiqs,오이동생,307,185,185,False,False,False,False
GRANDMASTER,bXou3O7ty7HLTQGYbnzdqbBaPOc9LHllr1ocRnJunXidfJo,힘들어귀찮아그만,374,96,78,False,False,False,True
GRANDMASTER,vN52Ld1o4B78MNwMkosdKb-zimUc3SzswhLsLTbt9eUfUACnOwYkztMplA,NA Nellum,215,59,47,False,False,True,False
GRANDMASTER,JimZJXeFLUTZUoyQHXDW-zbdCWezpNI6T5GerAabGpDA_Co,Tiger Den,246,41,21,False,False,True,False
GRANDMASTER,58IQSgHDuyvEFWF5a7wgv8ZQ3Y4hzOs-7dnhZETzS7Bz1SCY,LSB Courage,305,66,53,False,False,False,False
GRANDMASTER,sZcoEiM5a7iVsjjW1HQljekVnUGL89fLyJvWzWTe3vSwrVm3,haoye,422,139,125,False,False,False,True
GRANDMASTER,Ka4HQhRN6y0t_YtQvL9zHyU1Nv7vYllqOfkX2D2A4v0MN_8,ZED99,354,51,27,False,False,True,False
GRANDMASTER,5hrlIbgWs62p2hI17DvQ7VqyXdFRh_s-L3p-QACDbIspCIE,HLE Karis1,424,54,40,False,False,False,False
GRANDMASTER,goFJ-PJ2iteDDYa-FIybQBu9SZYDqDw0W00AorL0QZ-yZA,섹파스,223,109,89,False,False,True,False
GRANDMASTER,WcTztEo7U_RxhD6_cpmYPkNI_Hlf0jSBPHpdPBVyJ3noYaU, 이성조,243,45,38,False,False,True,False
GRANDMASTER,ukUQm6p3dgdHNaQHzqEweRuYB4lgMkzJMZNlbpcneOknsGc,주사위굴리는놈,217,131,117,False,False,True,True
GRANDMASTER,WwPtDhaiTD5ZwJgyaJYzOElNRs8QYz96Y-MYXv1K8vYAJMipGCQFGXU5SQ,ggg666,369,109,92,False,False,False,False
GRANDMASTER,o6CyTpFjYNxq214TXV5zjYCwNu-HSU4GaK7MzzjdTD3JILU,인생뭐있냠,200,99,78,False,False,True,True
GRANDMASTER,6RoQKQtMqyiYksTAKXCh4kvuvvp8c2VscupnPr7LP1lPyGc,Gon123,229,153,157,False,False,True,False
GRANDMASTER,DxJMmwaek9ePmJM1TFkfv8p_RrVeAuYKPQ38TEe4-3L7bMQ,IM JBD,231,65,56,False,False,False,False
GRANDMASTER,PccPxzijKN0vOYzllu59_0gw7wPUwbRHxxDjYO9Ld6nceQ,검은머리사나이,403,108,87,False,False,False,False
GRANDMASTER,fbL3FjU60sp_6l_k85GnFfJzPb2VChIDMwy_uzsbVXguYy3YuaSAWPa_8w,하다 캐리,370,118,82,False,False,False,False
GRANDMASTER,E3NLd2cyzmPufPDKHPpKsrAt-64uGfHjEzTGrUs7vw2n0K0,오뚜기3분미트볼,417,41,19,False,False,False,True
GRANDMASTER,UNqhsLYWQ7ENSZZPwknyhsj77I88ukUOc_IPOyFwhOTDcZ8,cvMex,339,152,131,True,False,False,False
GRANDMASTER,iVQfbf67HtlwLVR2O8bSsXjxUS5PLNKMMTQYziZvyAqbSDc,Kynel99,271,75,54,False,False,False,False
GRANDMASTER,sD-8HoNcrLiOqhnLTisuhNNFvCk0OhpPW1O2PwlU3ty21KQk7KyEZV1Xsw,1달안에챌린저,403,72,57,False,False,False,False
GRANDMASTER,cwUdngNAa13xiLOQFmLjfX5qmspIV_xGV1nbEeeg9w3K9CE,간다라쿤다,444,108,88,False,False,False,False
GRANDMASTER,BMLHsl7wnA5FVSDMrJZEUWZeThoSsgQqnyafD8l27fSi9eA,지으자닉네임,237,123,121,False,False,True,True
GRANDMASTER,1HNZCbqYuxAqob_guQ9vKF8T41MRDPVFO0058xT648psfrJ9gqz-VHdQ8w,절대핑을찍지않음,362,134,125,True,False,False,False
GRANDMASTER,azx_NwJdQxJouff3fx4-f5_8wn5r0uKvRuBCPWtjV5vpUh7IrrUUYC9miw,iop04,418,107,95,False,False,False,False
GRANDMASTER,4w68W44keEB4ocYIYtoR73cZ6xAD5Pzv2me9JD_EyTbkWCQ6A0a17BfkBQ,진지빡겜함1,280,93,71,False,False,True,False
GRANDMASTER,_BXeQSLi3Ydk4bx6zmKusXL3V-iJktARWuzQmNnt3UG4FwQ,땅우양1,208,51,34,False,False,True,False
GRANDMASTER,oI5AVlpAuYxFX1FS0fupRyZvwk8NuIt12Nwoc6mNiSP6BtI,읽씹맨,450,100,78,False,False,True,False
GRANDMASTER,ZKjiCya3SrPYl65nBvAjRqZr1wVJEywELOyk2yETR2QjWCd81K5K2vVwfQ,메로나마싯다,289,71,41,False,False,True,False
GRANDMASTER,M5hMPbIeEOMhmqwQqQBxulFbVxOUXIMOaYCsZA4GoZqoeTU,1000jg,272,62,45,False,False,True,False
GRANDMASTER,VbrTneeA1i0kEZvigQ6ozTxRdu48-QH_iEDM7JypxYfpnwA,생명이끊어진사람,211,47,38,False,False,True,True
GRANDMASTER,PJM49HaXUFPc-mBBqiVOO_j-YMnl4cuiFzY9pXVJ3OtJSNug,도구들은다개짐승,265,116,109,False,False,True,True
GRANDMASTER,OwGJC7dKtUK1tivXTAd9naJkxgLYUfdheu5Pa9ri7qOy18c,Yorick,416,77,67,False,False,False,False
GRANDMASTER,H1bDo4WswFeek_R-jRf8KVfVirK0iJDmtZ2VpMYvineIuyHbP33MVZ7q7w,Aspecto,201,185,174,False,False,True,False
GRANDMASTER,nG1_js3tKFtS5KwglcrYI1hXbolrFeSUMZToww0vmyXBYDbL4HCjJITc5Q,민수99,288,76,60,False,False,True,False
GRANDMASTER,nXh88NEG1gWfnRba3hhz_0tGdctw2t7Mbv97bLmp0hyVukY,미니밍이,201,43,31,False,False,True,False
GRANDMASTER,cvx2abIkTy7CBz2jiz8acX8b0LIdJhcnzh3pNGufNuYHR8Y,UijU,483,96,83,False,False,True,False
GRANDMASTER,5GkkR7JfHPDoV7j7UBEn7jiaFvonXojCbxNqbK2rzjn3vUE,적 토,200,115,103,False,False,True,True
GRANDMASTER,Bcyi9sTX0Ovb0oCTYdeCa0bWHJxuafo6VAsed9EtmA3a1E8,Kingen,227,37,27,False,False,True,False
GRANDMASTER,8BIxrPIrxFIwKE3OpDg1dtJZAriiEy2CJHmdNuECnaxgqPe1BPKqNbCloQ,AlwaysOnline,229,84,61,False,False,True,False
GRANDMASTER,GWQOUeXaOn6qRXdSj7qBcX60CHDRwypmLueNnCJeOQBLtro9vKFJ55EJyA,20050726정글,329,96,75,False,False,True,False
GRANDMASTER,TJXLooZoXUIXsqlqC_L6aaVORvuiwos6dHoMKnbVYp01B_U,젤다 OuO,271,129,111,False,False,False,False
GRANDMASTER,ZmbWyCl52nObRO9dAYOszedlW-dCtvEQVSczlFJF68-uQys,HLE Cheoni,337,65,50,False,False,True,False
GRANDMASTER,B7N7zXLtFDSN8sKTF9IGF_TsYmx8n5fKP2C0owyNEa5qJtg,푸 얌,238,173,160,True,False,False,False
GRANDMASTER,np2wbIoVtU0hnu0NAm9hz0Jjryz6z_HJRpEVU-u7Zugky_w,ANG TV,273,63,48,False,False,False,False
GRANDMASTER,fmyfKtliwi-VnaKz8ST8ox5i8-WQpaUNcp_ceYyxxyvtIec,실직자 조,270,61,40,False,False,True,False
GRANDMASTER,V61r3uQLe7WtuSxA4egFnJhNQgRx1wqbLqNXqFBqI1dNw4o,조관우급 늪 설치,271,190,183,False,False,False,False
GRANDMASTER,O3SRrOzXvnMD8gJmEZRslhuV2NNFbXIMS587HBO_rJixWg,NekoL,420,102,86,False,False,False,False
GRANDMASTER,dXaixXOBYJK9ubDaYwcJ45EHVnNVd4iLo9XNMXwkK_3L9EY,현주입니다,245,47,32,False,False,True,False
GRANDMASTER,0VNzac7JFWi_l3ULn3snKvct5zG3O3sRcgz4NF_bYKnLfg,대야웰백,220,72,57,False,False,True,False
GRANDMASTER,9XDIPlv5kHWDcmpD4-Bd8tcIRXqjMId7xWcqV8JmJL1QfA,abuguodaa,281,123,98,False,False,True,False
GRANDMASTER,MTNNigzEKTaQDvnJsS5gx8SOIDW6au5iZXHuVhHthgezdQy-,쉔으로 챌도전,212,111,73,False,False,True,True
GRANDMASTER,brEBXdFelfQfXGJsyC3-PqV6HIjBN-q-82VbSpISn2tMsTJ2e8p0BgM6eg,tianxuanziren,257,125,104,False,False,True,False
GRANDMASTER,MCsmroLCAmBZtKNp6HH8g55iiQfekTB7YyuibofZam-NKL0,XuanFengzz,203,97,79,False,False,False,False
GRANDMASTER,GjwqGVNpw6PUampaRC2L6iZnF2Xm-bqC7_nS200E9S23rA,시부야카논사랑해,338,72,62,False,False,True,False
GRANDMASTER,C9fmZ_XyA6LOazYwoOzOqDOkVuXEyMNTm5CAbryeDemWy-Xw,DK Lucid,301,87,82,False,False,False,True
GRANDMASTER,yCZLjf8jjORd3qsjBvTBKOtoowZWhtbZ8Ard3WCgA897bXk,화내 지 마12,289,113,91,False,False,False,False
GRANDMASTER,yRrWEflmyNI2cGIQTCOLSjWjzBLKNFvsTXVmgfX5TXPf5EU,Honpi,207,117,115,False,False,True,False
GRANDMASTER,xJ-8KlWS19AjonfEqBP8SX-Vj2r9uxz557cnU6V-EuDQBeo,qazesce,296,57,42,False,False,False,False
GRANDMASTER,6Yi8TaXFgYE_2ksoMu_lzZ_Dc-S-8YFjVInPBHQszNqHlQcW5-fcsnVn3g,Kishimiyu,442,101,69,False,False,True,False
GRANDMASTER,_ExZHv9GKkl1HUUOucnkEyeXgdItwn2KDdhiwor4Y-ap-nE,Neth3rworld,219,50,29,False,False,False,False
GRANDMASTER,iUhRAntsWuGYxy8yEgw_asD3BDS6Kf9Ckihlo0p9S4_liyk,장수열,240,60,51,False,False,False,False
GRANDMASTER,4Ans7D5-GbD8xsfAcBT6VWmo4gMvGYgAC6nIoMMzuvSURA,후쿠시마산꽃게,230,111,92,False,False,True,False
GRANDMASTER,5-rB2aXtHXJSzgZdRfMBqpi_FDLXGfk83Zqs2FrR8eLsFjszYQacPiPwzQ,kratosgf,483,134,120,True,False,False,False
GRANDMASTER,i20sGNguNiPyqVLoea6NEOMeyxD7Dvu2bMWFkGfUprgbID8rAzBrXiMsig,R NERO,214,128,112,False,False,True,False
GRANDMASTER,6GIKtrBv7ntrTnDfoC1OOggv95TjBdkc8QX4-Jhfhp3yNMU,MUDAI,426,145,123,False,False,False,False
GRANDMASTER,94MgJUcQoA20_cFRKYLUFAzWld0IY4RUemiO9Qjt96qve9Uy,LSB TA K ON,249,140,134,False,False,True,False
GRANDMASTER,cqe8kBHX3pGuAlWkPPLQsVs8lF-dawpvX0LhL9_JBtneLQOZFP-untOQng,신비한 뱀,202,91,82,False,False,True,True
GRANDMASTER,oH4C3m7QB1Vz3A2P5Ij0AOV7QaVcEF4sAhm_dcbl42uG9go,99도의 사나이,283,65,55,False,False,False,False
GRANDMASTER,AUNkEU29Y7bxw0101ZFfwYYIwujjX2aD-xzqhjPTJci4sio,런닝러너,339,143,126,False,False,True,False
GRANDMASTER,AYqKbDTwiLnq4dNcwZFdR93C3xE0KO6uSOZPAXK4evKQkQk,fa mid,129,277,269,False,False,True,False
GRANDMASTER,HWRXk04XXvaFslGOs6jrnxP_gdo9zaLKqaMkx7naLjpAINcOgu5Lc2MQ0w,올곧고바르게살자,332,49,24,False,False,False,False
GRANDMASTER,vubz7RvZ9Z_9FxsaBeinFaDAoQvG_yjIQBXe5tpSzPLCRr0,langman de,461,80,65,False,False,True,False
GRANDMASTER,jLTccPXIl2QaBMY8ViroMtIei_ikMwfZJUwCCCbZ37t7NzNuaVAv8-TS5g,서번트 증후군,251,109,97,False,False,True,False
GRANDMASTER,EPb8QuFN1eTEn9qcmLpaPrmycake8x9rculEoFKH0KrAowM,구글에롤브라더스,214,86,79,False,False,False,False
GRANDMASTER,PNmQ1VU_zh8fY5JMPNVuSZw7nnZK6Oe7GKqfIGaSnLenP4k,HLE Cracker,271,80,71,False,False,False,False
GRANDMASTER,zpVeL3l4KT6_IQUmQ1CYk-sXXyEKIEwL1TxNoi-eMT3cYg,No longer love,309,108,110,False,False,False,False
GRANDMASTER,2Kwm0JxKQkUsQDJCiIWom7IjQ3ypiYIeW_gSxVUFCc2Cww,DRX Deft 팬,210,107,76,False,False,True,False
GRANDMASTER,hpxNiLLBQ1x1JXDlxUqteh6F77BjcXiDuJ50rWP7Z--drf9ggJo5ua3cXg,이기다e,167,136,129,False,False,True,False
GRANDMASTER,fWTcgRia4IPbm6Vr0JF7RWazun8QlRg4IOGphRm7m3baThQ,광연4,233,100,85,False,False,False,False
GRANDMASTER,NAR4x8q59gTlYIvSbrhADILKXZLlKpPldeOHltZT0JxLa6BZIYsrGoeLDA,BLUEVENT SHU350W,297,123,98,False,False,False,False
GRANDMASTER,3HGkse4xe7s_EAxn70tVYN-VhG_rbW8L617OSMUciVmOlQPvPSWrHDAvTA,BlueRiver,215,87,65,False,False,True,True
GRANDMASTER,KZWR9T3_fIH6dzeaDEbdI2ekLG72dPfL0TwCz6tP2ud42dc,Let me sup,397,80,77,False,False,False,False
GRANDMASTER,6_8zXrDihAorcNK6Bg-1qwRQXSTfXcGM6URktg5yAOx8b8ZFKnTJ3p0i6Q,Xbm,460,130,115,True,False,False,False
GRANDMASTER,1OezctgR87Y5Xhl3XRlF1JXHIpox2ziHEuWcK_8Ws1J2Lww,나영 누나 fan,212,79,63,False,False,True,False
GRANDMASTER,ijkJkoflzeq2LcuwclKhNMp-uouC5tlklqw3dEnWTRnY25w,수면의 왕,204,65,52,False,False,False,False
GRANDMASTER,62KovcamxDllxCRO59G7IrflFI1KGqHIB97nDhL6aDLC7NQ,LunaIina,208,89,69,False,False,True,True
GRANDMASTER,zGeq7N4k8GN14DQHsUCbpicS6BHflksa9EwcVcTUAO4UwAk,doujianghuimiau,372,117,93,False,False,True,False
GRANDMASTER,1v0FYyeF_sn3idk2e6jSIYV9zRSVL4EYOUlFSzEvYz1wH4M,파 고,337,107,92,False,False,False,False
GRANDMASTER,hDtbsXwS7cGfhXUJCC3SS0dE76EoXhKqukOFgg2E47qugyrZ,Pier0,355,164,161,False,False,False,False
GRANDMASTER,_FGZeENiaNHaTTo_pKlBYD8UgYqphSnZmm-NYV5RUC9dHXEz9xk3vmVIgQ,ra66it,374,113,93,False,False,False,True
GRANDMASTER,3OTlf0vfp_n9Miv4UoCtjfwvs8HcuR7rciYNnX2PBiMjHe2jl98gIpRNyg,BZZZIII,292,87,59,False,False,False,False
GRANDMASTER,qJ0NDES3SCzs1aPGhRuv01Qh4lR8IcGEZhF_j604GqDeQjh9pv-O6l6IJQ,지응성,305,56,43,False,False,False,False
GRANDMASTER,nqk_0AbCt6H_xg7V0nku2Q39y227fodqzsqx5l-AKAgjrGfPHMY931UNvg,AF Rose,238,132,124,False,False,False,True
GRANDMASTER,Mw_PdehrGyPYLV1harz6m0XDxdN8x0E9ktdwnzNGcvJ_2Q,아이번애호가,207,78,56,False,False,True,True
GRANDMASTER,Xc75FVU1DoDY5uNoQ_ZjClj-Q4Jp2njn2SwShw59TbgQwfQ,asdqwezxcl,263,91,71,False,False,True,False
GRANDMASTER,IsfXEWH4i4ciWhYM2g7SXdyhM4pIy08NbOF31JK5omaGjg,콩팥강도,270,86,61,False,False,True,False
GRANDMASTER,mdEVD7XPDTF8Qqqq6szpkovuKMB7GE-WAUCpu30kvh2G7J4,Alz4r Takkarsen,200,107,80,False,False,True,False
GRANDMASTER,hB3nFBTIkGKsyAMKQN6H8tZ8Yn_omcGTJT-rKocp-Om2kUVNw2ou616Kwg,영원한 신,271,102,73,False,False,False,False
GRANDMASTER,TT7AOW80Ljx07Sf2o33DN04GQXyydNOTAxdzW-CGJ5n-_sCSinLJDG1Xag,R3membrance,216,68,44,False,False,True,False
GRANDMASTER,Y8311ofeHHCpopEGeQVszlTSW6LslC1qhdHSZtn9f9F9hf8,호우시우보,208,40,32,False,False,True,False
GRANDMASTER,dhhfvDYCINekcIpyxd6ppbiHMFETF7sZmSQQ0xYouUhjW7w,화려하게 살거야,356,57,37,False,False,False,False
GRANDMASTER,HLrF63HmJCAe-j_T0XOtNm3geJ2SZ64lajACpqWOcnX5flCm7b3CPl1T-Q,huazouye,305,87,64,False,False,True,False
GRANDMASTER,lYfNdTlkyom-nusmtBpqEj49lJFxlybNKokTl-ZBzLuKqrsQkl_fvkA80w,Zumayusi3,177,179,154,True,False,False,False
GRANDMASTER,NAnVNDA9N4ITEaC5aSj70kZP__9KlCXCU83HzZZVZgnTGBxPbxV4CZ_LQQ,Daye2,278,219,207,False,False,True,True
GRANDMASTER,UZGgrG3fXZSJx0BEbPYvQ7NN6sh2-U0CgpGZoI9fLhUMunYZf0Lt1P53SA,T1 포톤,407,90,80,False,False,False,False
GRANDMASTER,ZKkYvr9TpD5IHZmpm6celqtSaGPqLL_CQ1xLGTTBYxlgnes,아아스크림,362,132,132,False,False,False,False
GRANDMASTER,gBcjPKLO5udpSkjOxIl2ZDWenrC1AVio2noGbNC6mEiN-ek,emo kid,477,165,143,False,False,True,False
GRANDMASTER,UEQYnXjUtSc4xAgplnzw0YBqldF5lFaptdJKuYP7zaeVvF1Y,평범한 숟가락,521,179,157,False,False,True,True
GRANDMASTER,wLCRWWAiuz7QgaDUq9BBIEQxKJ_4vln6NxoXOOJ4BQ_mw20,전종진이다,286,76,57,False,False,False,True
GRANDMASTER,C6xfcIA4Yba_jqurYb0HKtD9GYWLrgB9WERHPx8oEyrOzBmdGeV4WQ-log,저MMR고실력자,253,67,58,False,False,False,False
GRANDMASTER,AwIts8yoB0qDayGcFvN4sufpjUDoGHMXGoJzCqARqbOUGTk,왁물원 침팬치1,245,103,90,False,False,False,False
GRANDMASTER,0zPBIUBgLI3XefMK2Pn6dMiOuCQYINI-VUa4Nt_p1uJvdYqnSCI705PpBw,잘해질게요,304,168,156,True,False,False,False
GRANDMASTER,KynZvE_Fz33CltWPNF5_67KYUi-QxFDh-_B3GGT8Kunirds,Clever9,393,138,122,False,False,True,True
GRANDMASTER,dsGrbwaFsFuriPSyj2UAzLXowQoVeA1_O5Dyz_9oXO7Uer5SfOIJ4Wh4TA,Songxingyao,249,88,70,False,False,True,False
GRANDMASTER,0MA5GpsEWdEwrHEIkKJTOhpKVx8KWw7j1fXM5ZvADWIJkZE,애디는말안두뤄,341,128,122,False,False,False,False
GRANDMASTER,q2psTfZoyFBZgSow8fXJOFNsRc8PfHfjgu7bTpoV85BFIwM,엉아가조타,292,74,47,False,False,True,False
GRANDMASTER,csvE9oNwR0qfmyV6dWuw8hNzvBAxa4-vUJnjonBuCyj1Oxo,트위치티비호붕이,394,105,84,False,False,True,True
GRANDMASTER,jjOgZ4vLCySuGEx1FZGYb8snO1IhS46Pa1oN9V38KuXmy-PNiuueP-n_Xg,chebaby,205,71,48,False,False,True,False
GRANDMASTER,ebC1JFYeA1bWUzSetH0PdQHmFZKSoOwVF52LFq8dqVMEqvxOICz-ClYXxg,믜 진,200,211,191,False,False,True,False
GRANDMASTER,ORy7Pqq0rzZm95kTHCDQbBtjgW2id4iJoK3mUYcdkwM3jYM,주도피아,163,134,124,False,False,True,False
GRANDMASTER,9vt6I5txv4opetAdFKm4pcsdTTFoYYF06wC2z3-wFAV-bsA,마레리트,216,40,26,False,False,True,True
GRANDMASTER,yaFPNsEVCvGpLcZjGGQyExzdSuDjwxwvZQIyNn2cApNCtdFCzgeIMX2Grg,LVLVLVLVLVLV,242,73,52,False,False,True,False
GRANDMASTER,q7KbWaHdjGX3ueFYxGEvFFLTS84d2xZnXgHSYA9SAdueho0,emo kld,324,119,103,False,False,True,False
GRANDMASTER,OBz9tf5q7Gi8gfgJG7-lmlzeEFyT8CuH-vDmtmbCS6swW9xIkig2ITztJQ,즐겜계정09,200,174,131,False,False,True,False
GRANDMASTER,ZElNaSvRUwRN2PUv_7VUtdUUHadW4GaObMW4zPov65G-nA,꽃이 흩날리던 봄,244,90,78,False,False,False,False
GRANDMASTER,M9VGpSIpNE75M8gjCrwq7ZoGiQiHijHx96T9CjPbYz6B7JV2dnDLCJA9UQ,IGqxz1378038730,363,124,101,False,False,True,True
GRANDMASTER,kjS_6u5A9b9EtfWwnBu3h7LFXu8luXiyv_rBo3kq8DlYhWfM328ugb6SMg,찬구형1,349,130,125,True,False,False,False
GRANDMASTER,_-VllBrkOBTriK9IYJCPAK1gEvM-EdtQFkhLRACz08v3at9y3BR67FBdEg,문세훈팬보이,349,280,235,False,False,True,False
GRANDMASTER,UAUd90ZXl0HA4sT0V1tkacI7WtIx0Vo8-U9gh9BA6raGSy8,어쩔카정,243,107,96,False,False,True,True
GRANDMASTER,NZ9jI15Rrs2BMup9gb-KvZv8MgUUdWsfv9Toc8BExONWNIM,Zrs,366,62,45,False,False,False,True
GRANDMASTER,Eus4ripehc_9COtN_Ww7Fa-mESK6H6gJ_cb1f0And1X8AgJtMifmMeAuDQ,청포도육포,360,103,80,False,False,True,False
GRANDMASTER,yAN0Td5zb3WCjFzvom7cXJ44paevmr4HtHvqItkFZgC6l1s,혜지태현,203,129,96,False,False,True,True
GRANDMASTER,j1W4S2xMqD0kLm36HjEVLipmkwBQ33YepY8OUKSZG_8a8-w,연세현,203,67,51,False,False,True,False
GRANDMASTER,k94lFTQ19P8sdhX5H22ifydHI9qsS-vOO4mCwIx1rVY945M,6두콩,405,61,42,False,False,False,False
GRANDMASTER,k36fjMxRVTWF9_SuQKOtFmo6rxoMPMbkPpH6vXC4qLafvA,단군의청춘부재,425,92,78,False,False,False,False
GRANDMASTER,4q-X6RvunK9gUhO4WJ7FM3VSNOAoxXKrgcLdvTZLrTuCcEU,teamluckkK,408,123,113,False,False,True,False
GRANDMASTER,5CHOAN0kPwpe2-ydPNSVr6NvnIlN3gCwQEHaRBBR8OzroOY,AFTV 문성규,291,95,57,False,False,True,False
GRANDMASTER,d_zZ_C4z8JBwSgLSiuA48GMJvrUx33Ucqn0ul6Xe-FvJUdI,LSB Winter,342,89,82,False,False,False,True
GRANDMASTER,RHnzqW_5yMKNOMedNtkFHAi-s1gf2J_Ei9hCg2u5KcanXnU,독기품기,304,46,20,False,False,True,True
GRANDMASTER,g_QM55Y1BqkFjIvH_W6q6hWMYyzkgPbUP5xEnmxs39kczrA,Game Changer,240,65,49,False,False,False,False
GRANDMASTER,ZkPMW9aXP_9jfb6wG8HcjBA8eZyXlmDLelsIxcEYUiAHw8zPWTys0fUmwQ,hahahh,422,147,128,False,False,True,False
GRANDMASTER,6Kqqbhk6xiEMCZvsIuPoatNUAAzBWjzGLovtj-2QsqaWizP4xoqYFfOidg,ztilly,241,183,165,False,False,True,False
GRANDMASTER,grQahNUJWuwqyAEebWtM8c1KUMBqMS1K0C983lDopGtm3kqAqx1IbAoKUw,Cisum,354,147,130,False,False,False,False
GRANDMASTER,w-lA7Dcv07ZPassPQUbjCD1Vl3Xpq0Q96WoncnX2pkBQl-s,미스포츈외길인생,217,159,152,False,False,True,False
GRANDMASTER,p87_Cto4Z1zHGKq6UZE4gugGbxu1_zT9fY2XUGtCIT6koQ,pilotl0l,287,100,89,False,False,False,False
GRANDMASTER,lvq7suq5y3XA7YWb-69lCGk9d3UMFmOE01qV5r6CA_e85zR-UQtqBZAIEQ,xiao ke tang,370,109,87,False,False,False,False
GRANDMASTER,cuSmvVdoietWAuG0UHr5YnQXOiQ7PZJYmUTp6mrhBrUiowJ_jvJfoPQpRA,살퀸레,300,99,89,False,False,True,True
GRANDMASTER,BFgIhbymlpAFhrXlFP7RbsMxPnQnClolhjOkCSwxAHTmVTg,LaP1s,204,136,125,False,False,True,True
GRANDMASTER,dguJLHdrG2MTZDq3Fr_LE0g_jQkRLWBsJ7zPaArIpNG29BM,노력 집념 열정,437,60,37,False,False,False,False
GRANDMASTER,si3oVbM16wYrt69b1Y6Mi2MegLn5cieAHdADrQzP0cGR8iI,시이나 따히루,294,69,68,False,False,True,False
GRANDMASTER,3-xjnSD1r84xSqnCF2TdPBfiWLXN8SA2oDBZfjWcRilBxQD5r-LaGcPeAw,dalongmeil,326,78,52,False,False,True,False
GRANDMASTER,_Cs1HP-CyDp6ql29G_dy-XXflbqJuVNIXzkKJT8w8eTT8Q,바 드 본 좌,281,88,72,False,False,True,False
GRANDMASTER,87-NVQ4EP1nVGlb6EbpVQDfh4dsZ_jOW1UOp9yNprF2RmYE,enrage1,251,105,96,False,False,True,True
GRANDMASTER,KI0VPOSjEXkv1InagguY5rN5ipIlCXYRGlVN8q5R6FEfvvQobNPnISOjNg,네 화났어요,295,79,50,False,False,True,False
GRANDMASTER,QLrpqXk8RPEwBF_5DidgOSZyyrG61jZzXUlSRhKGEY-rUM6hbbTt-POFXA,김수영,234,103,87,False,False,False,False
GRANDMASTER,AEOQjRcaUryyXHUaN3fTS48f2irwrjnKTLBxWxgAEuxhv8PhNnd21Gtd9w,Duran1,312,185,145,True,False,False,False
GRANDMASTER,lxaT57FeCIIbyCvKVDqyGiN13QYwCyG_zvwLbO4YgLqIZOk,kukukukuku,341,114,95,False,False,True,True
GRANDMASTER,ghpa9v4Swp3Z8OP_wJh2UWBQzCsHU7DvQrp9saTrLGmhowDm,FIips,287,136,120,True,False,False,False
GRANDMASTER,_eBIIakMVyX7wOeTJ5ddVmz3ERm1FrGK61ZppAHR2nv7FzU,skuzhiwanjiaOwO,279,145,130,False,False,True,False
GRANDMASTER,dKxF1m_0VmeovQv9Z-5Th6ohgH54EJFL4Ih7304Dy-OgF_ulSEjWdCq3qw,pinzpinz,214,95,84,True,False,False,False
GRANDMASTER,5rsqoCD7ycKVezo9RRzbLj1RH40A-auuz7ubDP-vPb4_5Uk,군대가기시러,234,121,117,False,False,False,False
GRANDMASTER,sg5BRUxavOlM5fMN_nbVNt4vtuYMeNAMXGefEHhuQ3148hlg6NguT5sFGw,111222334,492,66,32,False,False,True,False
GRANDMASTER,oadBeXKHu6vEEBKqpZ22GVDXcEenzu38HVeQmYc_FJvQxXc,T1 Dal,323,142,129,False,False,False,False
GRANDMASTER,DtqF2WxCJqeiAM1HnGJc68lWh1_0UTnP8gf1YOh7l4vh3w,FisH95,217,98,84,False,False,True,False
GRANDMASTER,tqMytjQU2XvcFEs22idz21cAWV7bYP0LccLboax-9wta5dMKnm0L8aVHUw,wobushigegeouo,225,69,39,False,False,True,False
GRANDMASTER,3t_UY5UX2aPQDntqA2S8YSEuBofDQaueO7oPDN4I_64C78g,동냥아치,381,128,111,True,False,False,False
GRANDMASTER,ofQc2Bknlx_DMnB2TwWEZunNVu0BE6p5-sFCbpzCu0XGuDA,wobulijie,146,96,94,False,False,True,False
GRANDMASTER,7ml8QY40K4a5_apxkAvKVkLMtjub0Qxuh_aTUDgHSIhJuNCcycocaNGyQA,OMGzhao619275291,331,158,122,False,False,True,False
GRANDMASTER,BJT_YB_YVGjnUzg2ledmxMZNzGid2Evj16XEoy-qTZgHXv4,2001 03 15,237,59,49,False,False,True,False
GRANDMASTER,bAiExWVHOpe4O8nKNPTfIywsAeSxbvcGTl164krl1hzZxOjf,Mg mid,449,195,182,False,False,True,True
GRANDMASTER,LMTE7i7OUqJ5ieS2xB6mA_UpaJMUDKo6o_7Mct2eICFEhGc,암살자무서워요,350,75,69,False,False,False,False
GRANDMASTER,pNhCb5yBoYoU9zFQCHIyIuPXMQPxotjPZa4Ldjnh4A5jOek,석효신의 방패,252,166,151,False,False,True,False
GRANDMASTER,ADY0-q2dZviBw-XFcvcpUKIaqL6wquTJ0vpe3mgS8-jD_g,Naehyun,310,141,136,False,False,True,True
GRANDMASTER,H4T7qRlA3kyeS-HMZenYBZBYly4Lj4VPVVTkhnxYDg6_OPWmCuBhG96ZjA,s1eepyhead,333,103,73,False,False,True,False
GRANDMASTER,ZM5uFpeQPiDFfPsSn5CFjj5jw_JPbF5PRfMD0U0wpgFoZvw,오리지널찰떡쿠키,230,52,39,False,False,False,False
GRANDMASTER,CWVezLn5qnUGlBewIycOJzB-fSwfMIOp85tBpxcrumR_QXyiWmOUpKLlxg,Love SaintDiana,453,225,215,False,False,True,False
